RESOLVE_INTERNAL	ilga+lAr	ilgalar
RESOLVE_INTERNAL	ilga+HnHz	ilganız
RESOLVE_INTERNAL	ilga+SH	ilgası
RESOLVE_INTERNAL	ilga+NHn	ilganın
RESOLVE_INTERNAL	ilga+NCA	ilganca
RESOLVE_INTERNAL	ilga+YH	ilgayı
RESOLVE_INTERNAL	ilga+YA	ilgaya
RESOLVE_INTERNAL	ilga+Yken	ilgayken
RESOLVE_INTERNAL	ilga+DAn	ilgadan
RESOLVE_INTERNAL	ilga+CH	ilgacı
RESOLVE_INTERNAL	ilga+sH	ilgası
RESOLVE_INTERNAL	ilga+ist	ilgaist
RESOLVE_INTERNAL	ilga+vari	ilgavari
RESOLVE_INTERNAL	ilga+lHk+lAr	ilgalıklar
RESOLVE_INTERNAL	ilga+lHk+HnHz	ilgalığınız
RESOLVE_INTERNAL	ilga+lHk+SH	ilgalığı
RESOLVE_INTERNAL	ilga+lHk+NHn	ilgalığın
RESOLVE_INTERNAL	ilga+lHk+NCA	ilgalıkça
RESOLVE_INTERNAL	ilga+lHk+YH	ilgalığı
RESOLVE_INTERNAL	ilga+lHk+YA	ilgalığa
RESOLVE_INTERNAL	ilga+lHk+Yken	ilgalıkken
RESOLVE_INTERNAL	ilga+lHk+DAn	ilgalıktan
RESOLVE_INTERNAL	ilga+lHk+CH	ilgalıkçı
RESOLVE_INTERNAL	ilga+lHk+sH	ilgalıksı
RESOLVE_INTERNAL	ilga+lHk+vari	ilgalıkvari
RESOLVE_INTERNAL	ilga+lH+lAr	ilgalılar
RESOLVE_INTERNAL	ilga+lH+HnHz	ilgalınız
RESOLVE_INTERNAL	ilga+lH+SH	ilgalısı
RESOLVE_INTERNAL	ilga+lH+NHn	ilgalının
RESOLVE_INTERNAL	ilga+lH+NCA	ilgalınca
RESOLVE_INTERNAL	ilga+lH+YH	ilgalıyı
RESOLVE_INTERNAL	ilga+lH+YA	ilgalıya
RESOLVE_INTERNAL	ilga+lH+Yken	ilgalıyken
RESOLVE_INTERNAL	ilga+lH+DAn	ilgalıdan
RESOLVE_INTERNAL	ilga+lH+CH	ilgalıcı
RESOLVE_INTERNAL	ilga+lH+sH	ilgalısı
RESOLVE_INTERNAL	ilga+lH+vari	ilgalıvari
RESOLVE_INTERNAL	ilga+CH+lAr	ilgacılar
RESOLVE_INTERNAL	ilga+CH+HnHz	ilgacınız
RESOLVE_INTERNAL	ilga+CH+SH	ilgacısı
RESOLVE_INTERNAL	ilga+CH+NHn	ilgacının
RESOLVE_INTERNAL	ilga+CH+NCA	ilgacınca
RESOLVE_INTERNAL	ilga+CH+YH	ilgacıyı
RESOLVE_INTERNAL	ilga+CH+YA	ilgacıya
RESOLVE_INTERNAL	ilga+CH+Yken	ilgacıyken
RESOLVE_INTERNAL	ilga+CH+DAn	ilgacıdan
RESOLVE_INTERNAL	ilga+CH+sH	ilgacısı
RESOLVE_INTERNAL	ilga+CH+vari	ilgacıvari
RESOLVE_INTERNAL	ilga+DA+ki+lAr	ilgadakiler
RESOLVE_INTERNAL	ilga+DA+ki+HnHz	ilgadakiniz
RESOLVE_INTERNAL	ilga+DA+ki+SH	ilgadakisi
RESOLVE_INTERNAL	ilga+DA+ki+NHn	ilgadakinin
RESOLVE_INTERNAL	ilga+DA+ki+Yken	ilgadakiyken
RESOLVE_INTERNAL	ilga+DA+ki+lAr+NHn+mHş+CAsHnA+YsA	ilgadakilerinmişçesineyse

RESOLVE_INTERNAL	cilâ+lAr	cilâlar
RESOLVE_INTERNAL	cilâ+HnHz	cilânız
RESOLVE_INTERNAL	cilâ+SH	cilâsı
RESOLVE_INTERNAL	cilâ+NHn	cilânın
RESOLVE_INTERNAL	cilâ+NCA	cilânca
RESOLVE_INTERNAL	cilâ+YH	cilâyı
RESOLVE_INTERNAL	cilâ+YA	cilâya
RESOLVE_INTERNAL	cilâ+Yken	cilâyken
RESOLVE_INTERNAL	cilâ+DAn	cilâdan
RESOLVE_INTERNAL	cilâ+CH	cilâcı
RESOLVE_INTERNAL	cilâ+sH	cilâsı
RESOLVE_INTERNAL	cilâ+ist	cilâist
RESOLVE_INTERNAL	cilâ+vari	cilâvari
RESOLVE_INTERNAL	cilâ+lHk+lAr	cilâlıklar
RESOLVE_INTERNAL	cilâ+lHk+HnHz	cilâlığınız
RESOLVE_INTERNAL	cilâ+lHk+SH	cilâlığı
RESOLVE_INTERNAL	cilâ+lHk+NHn	cilâlığın
RESOLVE_INTERNAL	cilâ+lHk+NCA	cilâlıkça
RESOLVE_INTERNAL	cilâ+lHk+YH	cilâlığı
RESOLVE_INTERNAL	cilâ+lHk+YA	cilâlığa
RESOLVE_INTERNAL	cilâ+lHk+Yken	cilâlıkken
RESOLVE_INTERNAL	cilâ+lHk+DAn	cilâlıktan
RESOLVE_INTERNAL	cilâ+lHk+CH	cilâlıkçı
RESOLVE_INTERNAL	cilâ+lHk+sH	cilâlıksı
RESOLVE_INTERNAL	cilâ+lHk+vari	cilâlıkvari
RESOLVE_INTERNAL	cilâ+lH+lAr	cilâlılar
RESOLVE_INTERNAL	cilâ+lH+HnHz	cilâlınız
RESOLVE_INTERNAL	cilâ+lH+SH	cilâlısı
RESOLVE_INTERNAL	cilâ+lH+NHn	cilâlının
RESOLVE_INTERNAL	cilâ+lH+NCA	cilâlınca
RESOLVE_INTERNAL	cilâ+lH+YH	cilâlıyı
RESOLVE_INTERNAL	cilâ+lH+YA	cilâlıya
RESOLVE_INTERNAL	cilâ+lH+Yken	cilâlıyken
RESOLVE_INTERNAL	cilâ+lH+DAn	cilâlıdan
RESOLVE_INTERNAL	cilâ+lH+CH	cilâlıcı
RESOLVE_INTERNAL	cilâ+lH+sH	cilâlısı
RESOLVE_INTERNAL	cilâ+lH+vari	cilâlıvari
RESOLVE_INTERNAL	cilâ+CH+lAr	cilâcılar
RESOLVE_INTERNAL	cilâ+CH+HnHz	cilâcınız
RESOLVE_INTERNAL	cilâ+CH+SH	cilâcısı
RESOLVE_INTERNAL	cilâ+CH+NHn	cilâcının
RESOLVE_INTERNAL	cilâ+CH+NCA	cilâcınca
RESOLVE_INTERNAL	cilâ+CH+YH	cilâcıyı
RESOLVE_INTERNAL	cilâ+CH+YA	cilâcıya
RESOLVE_INTERNAL	cilâ+CH+Yken	cilâcıyken
RESOLVE_INTERNAL	cilâ+CH+DAn	cilâcıdan
RESOLVE_INTERNAL	cilâ+CH+sH	cilâcısı
RESOLVE_INTERNAL	cilâ+CH+vari	cilâcıvari
RESOLVE_INTERNAL	cilâ+DA+ki+lAr	cilâdakiler
RESOLVE_INTERNAL	cilâ+DA+ki+HnHz	cilâdakiniz
RESOLVE_INTERNAL	cilâ+DA+ki+SH	cilâdakisi
RESOLVE_INTERNAL	cilâ+DA+ki+NHn	cilâdakinin
RESOLVE_INTERNAL	cilâ+DA+ki+Yken	cilâdakiyken
RESOLVE_INTERNAL	cilâ+DA+ki+lAr+NHn+mHş+CAsHnA+YsA	cilâdakilerinmişçesineyse

RESOLVE_INTERNAL	menkıbe+lAr	menkıbeler
RESOLVE_INTERNAL	menkıbe+HnHz	menkıbeniz
RESOLVE_INTERNAL	menkıbe+SH	menkıbesi
RESOLVE_INTERNAL	menkıbe+NHn	menkıbenin
RESOLVE_INTERNAL	menkıbe+NCA	menkıbence
RESOLVE_INTERNAL	menkıbe+YH	menkıbeyi
RESOLVE_INTERNAL	menkıbe+YA	menkıbeye
RESOLVE_INTERNAL	menkıbe+Yken	menkıbeyken
RESOLVE_INTERNAL	menkıbe+DAn	menkıbeden
RESOLVE_INTERNAL	menkıbe+CH	menkıbeci
RESOLVE_INTERNAL	menkıbe+sH	menkıbesi
RESOLVE_INTERNAL	menkıbe+ist	menkıbeist
RESOLVE_INTERNAL	menkıbe+vari	menkıbevari
RESOLVE_INTERNAL	menkıbe+lHk+lAr	menkıbelikler
RESOLVE_INTERNAL	menkıbe+lHk+HnHz	menkıbeliğiniz
RESOLVE_INTERNAL	menkıbe+lHk+SH	menkıbeliği
RESOLVE_INTERNAL	menkıbe+lHk+NHn	menkıbeliğin
RESOLVE_INTERNAL	menkıbe+lHk+NCA	menkıbelikçe
RESOLVE_INTERNAL	menkıbe+lHk+YH	menkıbeliği
RESOLVE_INTERNAL	menkıbe+lHk+YA	menkıbeliğe
RESOLVE_INTERNAL	menkıbe+lHk+Yken	menkıbelikken
RESOLVE_INTERNAL	menkıbe+lHk+DAn	menkıbelikten
RESOLVE_INTERNAL	menkıbe+lHk+CH	menkıbelikçi
RESOLVE_INTERNAL	menkıbe+lHk+sH	menkıbeliksi
RESOLVE_INTERNAL	menkıbe+lHk+vari	menkıbelikvari
RESOLVE_INTERNAL	menkıbe+lH+lAr	menkıbeliler
RESOLVE_INTERNAL	menkıbe+lH+HnHz	menkıbeliniz
RESOLVE_INTERNAL	menkıbe+lH+SH	menkıbelisi
RESOLVE_INTERNAL	menkıbe+lH+NHn	menkıbelinin
RESOLVE_INTERNAL	menkıbe+lH+NCA	menkıbelince
RESOLVE_INTERNAL	menkıbe+lH+YH	menkıbeliyi
RESOLVE_INTERNAL	menkıbe+lH+YA	menkıbeliye
RESOLVE_INTERNAL	menkıbe+lH+Yken	menkıbeliyken
RESOLVE_INTERNAL	menkıbe+lH+DAn	menkıbeliden
RESOLVE_INTERNAL	menkıbe+lH+CH	menkıbelici
RESOLVE_INTERNAL	menkıbe+lH+sH	menkıbelisi
RESOLVE_INTERNAL	menkıbe+lH+vari	menkıbelivari
RESOLVE_INTERNAL	menkıbe+CH+lAr	menkıbeciler
RESOLVE_INTERNAL	menkıbe+CH+HnHz	menkıbeciniz
RESOLVE_INTERNAL	menkıbe+CH+SH	menkıbecisi
RESOLVE_INTERNAL	menkıbe+CH+NHn	menkıbecinin
RESOLVE_INTERNAL	menkıbe+CH+NCA	menkıbecince
RESOLVE_INTERNAL	menkıbe+CH+YH	menkıbeciyi
RESOLVE_INTERNAL	menkıbe+CH+YA	menkıbeciye
RESOLVE_INTERNAL	menkıbe+CH+Yken	menkıbeciyken
RESOLVE_INTERNAL	menkıbe+CH+DAn	menkıbeciden
RESOLVE_INTERNAL	menkıbe+CH+sH	menkıbecisi
RESOLVE_INTERNAL	menkıbe+CH+vari	menkıbecivari
RESOLVE_INTERNAL	menkıbe+DA+ki+lAr	menkıbedekiler
RESOLVE_INTERNAL	menkıbe+DA+ki+HnHz	menkıbedekiniz
RESOLVE_INTERNAL	menkıbe+DA+ki+SH	menkıbedekisi
RESOLVE_INTERNAL	menkıbe+DA+ki+NHn	menkıbedekinin
RESOLVE_INTERNAL	menkıbe+DA+ki+Yken	menkıbedekiyken
RESOLVE_INTERNAL	menkıbe+DA+ki+lAr+NHn+mHş+CAsHnA+YsA	menkıbedekilerinmişçesineyse

RESOLVE_INTERNAL	akdarı+lAr	akdarılar
RESOLVE_INTERNAL	akdarı+HnHz	akdarınız
RESOLVE_INTERNAL	akdarı+SH	akdarısı
RESOLVE_INTERNAL	akdarı+NHn	akdarının
RESOLVE_INTERNAL	akdarı+NCA	akdarınca
RESOLVE_INTERNAL	akdarı+YH	akdarıyı
RESOLVE_INTERNAL	akdarı+YA	akdarıya
RESOLVE_INTERNAL	akdarı+Yken	akdarıyken
RESOLVE_INTERNAL	akdarı+DAn	akdarıdan
RESOLVE_INTERNAL	akdarı+CH	akdarıcı
RESOLVE_INTERNAL	akdarı+sH	akdarısı
RESOLVE_INTERNAL	akdarı+ist	akdarıist
RESOLVE_INTERNAL	akdarı+vari	akdarıvari
RESOLVE_INTERNAL	akdarı+lHk+lAr	akdarılıklar
RESOLVE_INTERNAL	akdarı+lHk+HnHz	akdarılığınız
RESOLVE_INTERNAL	akdarı+lHk+SH	akdarılığı
RESOLVE_INTERNAL	akdarı+lHk+NHn	akdarılığın
RESOLVE_INTERNAL	akdarı+lHk+NCA	akdarılıkça
RESOLVE_INTERNAL	akdarı+lHk+YH	akdarılığı
RESOLVE_INTERNAL	akdarı+lHk+YA	akdarılığa
RESOLVE_INTERNAL	akdarı+lHk+Yken	akdarılıkken
RESOLVE_INTERNAL	akdarı+lHk+DAn	akdarılıktan
RESOLVE_INTERNAL	akdarı+lHk+CH	akdarılıkçı
RESOLVE_INTERNAL	akdarı+lHk+sH	akdarılıksı
RESOLVE_INTERNAL	akdarı+lHk+vari	akdarılıkvari
RESOLVE_INTERNAL	akdarı+lH+lAr	akdarılılar
RESOLVE_INTERNAL	akdarı+lH+HnHz	akdarılınız
RESOLVE_INTERNAL	akdarı+lH+SH	akdarılısı
RESOLVE_INTERNAL	akdarı+lH+NHn	akdarılının
RESOLVE_INTERNAL	akdarı+lH+NCA	akdarılınca
RESOLVE_INTERNAL	akdarı+lH+YH	akdarılıyı
RESOLVE_INTERNAL	akdarı+lH+YA	akdarılıya
RESOLVE_INTERNAL	akdarı+lH+Yken	akdarılıyken
RESOLVE_INTERNAL	akdarı+lH+DAn	akdarılıdan
RESOLVE_INTERNAL	akdarı+lH+CH	akdarılıcı
RESOLVE_INTERNAL	akdarı+lH+sH	akdarılısı
RESOLVE_INTERNAL	akdarı+lH+vari	akdarılıvari
RESOLVE_INTERNAL	akdarı+CH+lAr	akdarıcılar
RESOLVE_INTERNAL	akdarı+CH+HnHz	akdarıcınız
RESOLVE_INTERNAL	akdarı+CH+SH	akdarıcısı
RESOLVE_INTERNAL	akdarı+CH+NHn	akdarıcının
RESOLVE_INTERNAL	akdarı+CH+NCA	akdarıcınca
RESOLVE_INTERNAL	akdarı+CH+YH	akdarıcıyı
RESOLVE_INTERNAL	akdarı+CH+YA	akdarıcıya
RESOLVE_INTERNAL	akdarı+CH+Yken	akdarıcıyken
RESOLVE_INTERNAL	akdarı+CH+DAn	akdarıcıdan
RESOLVE_INTERNAL	akdarı+CH+sH	akdarıcısı
RESOLVE_INTERNAL	akdarı+CH+vari	akdarıcıvari
RESOLVE_INTERNAL	akdarı+DA+ki+lAr	akdarıdakiler
RESOLVE_INTERNAL	akdarı+DA+ki+HnHz	akdarıdakiniz
RESOLVE_INTERNAL	akdarı+DA+ki+SH	akdarıdakisi
RESOLVE_INTERNAL	akdarı+DA+ki+NHn	akdarıdakinin
RESOLVE_INTERNAL	akdarı+DA+ki+Yken	akdarıdakiyken
RESOLVE_INTERNAL	akdarı+DA+ki+lAr+NHn+mHş+CAsHnA+YsA	akdarıdakilerinmişçesineyse

RESOLVE_INTERNAL	gözleği+lAr	gözleğiler
RESOLVE_INTERNAL	gözleği+HnHz	gözleğiniz
RESOLVE_INTERNAL	gözleği+SH	gözleğisi
RESOLVE_INTERNAL	gözleği+NHn	gözleğinin
RESOLVE_INTERNAL	gözleği+NCA	gözleğince
RESOLVE_INTERNAL	gözleği+YH	gözleğiyi
RESOLVE_INTERNAL	gözleği+YA	gözleğiye
RESOLVE_INTERNAL	gözleği+Yken	gözleğiyken
RESOLVE_INTERNAL	gözleği+DAn	gözleğiden
RESOLVE_INTERNAL	gözleği+CH	gözleğici
RESOLVE_INTERNAL	gözleği+sH	gözleğisi
RESOLVE_INTERNAL	gözleği+ist	gözleğiist
RESOLVE_INTERNAL	gözleği+vari	gözleğivari
RESOLVE_INTERNAL	gözleği+lHk+lAr	gözleğilikler
RESOLVE_INTERNAL	gözleği+lHk+HnHz	gözleğiliğiniz
RESOLVE_INTERNAL	gözleği+lHk+SH	gözleğiliği
RESOLVE_INTERNAL	gözleği+lHk+NHn	gözleğiliğin
RESOLVE_INTERNAL	gözleği+lHk+NCA	gözleğilikçe
RESOLVE_INTERNAL	gözleği+lHk+YH	gözleğiliği
RESOLVE_INTERNAL	gözleği+lHk+YA	gözleğiliğe
RESOLVE_INTERNAL	gözleği+lHk+Yken	gözleğilikken
RESOLVE_INTERNAL	gözleği+lHk+DAn	gözleğilikten
RESOLVE_INTERNAL	gözleği+lHk+CH	gözleğilikçi
RESOLVE_INTERNAL	gözleği+lHk+sH	gözleğiliksi
RESOLVE_INTERNAL	gözleği+lHk+vari	gözleğilikvari
RESOLVE_INTERNAL	gözleği+lH+lAr	gözleğililer
RESOLVE_INTERNAL	gözleği+lH+HnHz	gözleğiliniz
RESOLVE_INTERNAL	gözleği+lH+SH	gözleğilisi
RESOLVE_INTERNAL	gözleği+lH+NHn	gözleğilinin
RESOLVE_INTERNAL	gözleği+lH+NCA	gözleğilince
RESOLVE_INTERNAL	gözleği+lH+YH	gözleğiliyi
RESOLVE_INTERNAL	gözleği+lH+YA	gözleğiliye
RESOLVE_INTERNAL	gözleği+lH+Yken	gözleğiliyken
RESOLVE_INTERNAL	gözleği+lH+DAn	gözleğiliden
RESOLVE_INTERNAL	gözleği+lH+CH	gözleğilici
RESOLVE_INTERNAL	gözleği+lH+sH	gözleğilisi
RESOLVE_INTERNAL	gözleği+lH+vari	gözleğilivari
RESOLVE_INTERNAL	gözleği+CH+lAr	gözleğiciler
RESOLVE_INTERNAL	gözleği+CH+HnHz	gözleğiciniz
RESOLVE_INTERNAL	gözleği+CH+SH	gözleğicisi
RESOLVE_INTERNAL	gözleği+CH+NHn	gözleğicinin
RESOLVE_INTERNAL	gözleği+CH+NCA	gözleğicince
RESOLVE_INTERNAL	gözleği+CH+YH	gözleğiciyi
RESOLVE_INTERNAL	gözleği+CH+YA	gözleğiciye
RESOLVE_INTERNAL	gözleği+CH+Yken	gözleğiciyken
RESOLVE_INTERNAL	gözleği+CH+DAn	gözleğiciden
RESOLVE_INTERNAL	gözleği+CH+sH	gözleğicisi
RESOLVE_INTERNAL	gözleği+CH+vari	gözleğicivari
RESOLVE_INTERNAL	gözleği+DA+ki+lAr	gözleğidekiler
RESOLVE_INTERNAL	gözleği+DA+ki+HnHz	gözleğidekiniz
RESOLVE_INTERNAL	gözleği+DA+ki+SH	gözleğidekisi
RESOLVE_INTERNAL	gözleği+DA+ki+NHn	gözleğidekinin
RESOLVE_INTERNAL	gözleği+DA+ki+Yken	gözleğidekiyken
RESOLVE_INTERNAL	gözleği+DA+ki+lAr+NHn+mHş+CAsHnA+YsA	gözleğidekilerinmişçesineyse

RESOLVE_INTERNAL	sıhrî+lAr	sıhrîler
RESOLVE_INTERNAL	sıhrî+HnHz	sıhrîniz
RESOLVE_INTERNAL	sıhrî+SH	sıhrîsi
RESOLVE_INTERNAL	sıhrî+NHn	sıhrînin
RESOLVE_INTERNAL	sıhrî+NCA	sıhrînce
RESOLVE_INTERNAL	sıhrî+YH	sıhrîyi
RESOLVE_INTERNAL	sıhrî+YA	sıhrîye
RESOLVE_INTERNAL	sıhrî+Yken	sıhrîyken
RESOLVE_INTERNAL	sıhrî+DAn	sıhrîden
RESOLVE_INTERNAL	sıhrî+CH	sıhrîci
RESOLVE_INTERNAL	sıhrî+sH	sıhrîsi
RESOLVE_INTERNAL	sıhrî+ist	sıhrîist
RESOLVE_INTERNAL	sıhrî+vari	sıhrîvari
RESOLVE_INTERNAL	sıhrî+lHk+lAr	sıhrîlikler
RESOLVE_INTERNAL	sıhrî+lHk+HnHz	sıhrîliğiniz
RESOLVE_INTERNAL	sıhrî+lHk+SH	sıhrîliği
RESOLVE_INTERNAL	sıhrî+lHk+NHn	sıhrîliğin
RESOLVE_INTERNAL	sıhrî+lHk+NCA	sıhrîlikçe
RESOLVE_INTERNAL	sıhrî+lHk+YH	sıhrîliği
RESOLVE_INTERNAL	sıhrî+lHk+YA	sıhrîliğe
RESOLVE_INTERNAL	sıhrî+lHk+Yken	sıhrîlikken
RESOLVE_INTERNAL	sıhrî+lHk+DAn	sıhrîlikten
RESOLVE_INTERNAL	sıhrî+lHk+CH	sıhrîlikçi
RESOLVE_INTERNAL	sıhrî+lHk+sH	sıhrîliksi
RESOLVE_INTERNAL	sıhrî+lHk+vari	sıhrîlikvari
RESOLVE_INTERNAL	sıhrî+lH+lAr	sıhrîliler
RESOLVE_INTERNAL	sıhrî+lH+HnHz	sıhrîliniz
RESOLVE_INTERNAL	sıhrî+lH+SH	sıhrîlisi
RESOLVE_INTERNAL	sıhrî+lH+NHn	sıhrîlinin
RESOLVE_INTERNAL	sıhrî+lH+NCA	sıhrîlince
RESOLVE_INTERNAL	sıhrî+lH+YH	sıhrîliyi
RESOLVE_INTERNAL	sıhrî+lH+YA	sıhrîliye
RESOLVE_INTERNAL	sıhrî+lH+Yken	sıhrîliyken
RESOLVE_INTERNAL	sıhrî+lH+DAn	sıhrîliden
RESOLVE_INTERNAL	sıhrî+lH+CH	sıhrîlici
RESOLVE_INTERNAL	sıhrî+lH+sH	sıhrîlisi
RESOLVE_INTERNAL	sıhrî+lH+vari	sıhrîlivari
RESOLVE_INTERNAL	sıhrî+CH+lAr	sıhrîciler
RESOLVE_INTERNAL	sıhrî+CH+HnHz	sıhrîciniz
RESOLVE_INTERNAL	sıhrî+CH+SH	sıhrîcisi
RESOLVE_INTERNAL	sıhrî+CH+NHn	sıhrîcinin
RESOLVE_INTERNAL	sıhrî+CH+NCA	sıhrîcince
RESOLVE_INTERNAL	sıhrî+CH+YH	sıhrîciyi
RESOLVE_INTERNAL	sıhrî+CH+YA	sıhrîciye
RESOLVE_INTERNAL	sıhrî+CH+Yken	sıhrîciyken
RESOLVE_INTERNAL	sıhrî+CH+DAn	sıhrîciden
RESOLVE_INTERNAL	sıhrî+CH+sH	sıhrîcisi
RESOLVE_INTERNAL	sıhrî+CH+vari	sıhrîcivari
RESOLVE_INTERNAL	sıhrî+DA+ki+lAr	sıhrîdekiler
RESOLVE_INTERNAL	sıhrî+DA+ki+HnHz	sıhrîdekiniz
RESOLVE_INTERNAL	sıhrî+DA+ki+SH	sıhrîdekisi
RESOLVE_INTERNAL	sıhrî+DA+ki+NHn	sıhrîdekinin
RESOLVE_INTERNAL	sıhrî+DA+ki+Yken	sıhrîdekiyken
RESOLVE_INTERNAL	sıhrî+DA+ki+lAr+NHn+mHş+CAsHnA+YsA	sıhrîdekilerinmişçesineyse

RESOLVE_INTERNAL	juro+lAr	jurolar
RESOLVE_INTERNAL	juro+HnHz	juronuz
RESOLVE_INTERNAL	juro+SH	jurosu
RESOLVE_INTERNAL	juro+NHn	juronun
RESOLVE_INTERNAL	juro+NCA	juronca
RESOLVE_INTERNAL	juro+YH	juroyu
RESOLVE_INTERNAL	juro+YA	juroya
RESOLVE_INTERNAL	juro+Yken	juroyken
RESOLVE_INTERNAL	juro+DAn	jurodan
RESOLVE_INTERNAL	juro+CH	jurocu
RESOLVE_INTERNAL	juro+sH	jurosu
RESOLVE_INTERNAL	juro+ist	juroist
RESOLVE_INTERNAL	juro+vari	jurovari
RESOLVE_INTERNAL	juro+lHk+lAr	juroluklar
RESOLVE_INTERNAL	juro+lHk+HnHz	juroluğunuz
RESOLVE_INTERNAL	juro+lHk+SH	juroluğu
RESOLVE_INTERNAL	juro+lHk+NHn	juroluğun
RESOLVE_INTERNAL	juro+lHk+NCA	jurolukça
RESOLVE_INTERNAL	juro+lHk+YH	juroluğu
RESOLVE_INTERNAL	juro+lHk+YA	juroluğa
RESOLVE_INTERNAL	juro+lHk+Yken	jurolukken
RESOLVE_INTERNAL	juro+lHk+DAn	juroluktan
RESOLVE_INTERNAL	juro+lHk+CH	jurolukçu
RESOLVE_INTERNAL	juro+lHk+sH	juroluksu
RESOLVE_INTERNAL	juro+lHk+vari	jurolukvari
RESOLVE_INTERNAL	juro+lH+lAr	jurolular
RESOLVE_INTERNAL	juro+lH+HnHz	jurolunuz
RESOLVE_INTERNAL	juro+lH+SH	jurolusu
RESOLVE_INTERNAL	juro+lH+NHn	jurolunun
RESOLVE_INTERNAL	juro+lH+NCA	jurolunca
RESOLVE_INTERNAL	juro+lH+YH	juroluyu
RESOLVE_INTERNAL	juro+lH+YA	juroluya
RESOLVE_INTERNAL	juro+lH+Yken	juroluyken
RESOLVE_INTERNAL	juro+lH+DAn	juroludan
RESOLVE_INTERNAL	juro+lH+CH	jurolucu
RESOLVE_INTERNAL	juro+lH+sH	jurolusu
RESOLVE_INTERNAL	juro+lH+vari	juroluvari
RESOLVE_INTERNAL	juro+CH+lAr	jurocular
RESOLVE_INTERNAL	juro+CH+HnHz	jurocunuz
RESOLVE_INTERNAL	juro+CH+SH	jurocusu
RESOLVE_INTERNAL	juro+CH+NHn	jurocunun
RESOLVE_INTERNAL	juro+CH+NCA	jurocunca
RESOLVE_INTERNAL	juro+CH+YH	jurocuyu
RESOLVE_INTERNAL	juro+CH+YA	jurocuya
RESOLVE_INTERNAL	juro+CH+Yken	jurocuyken
RESOLVE_INTERNAL	juro+CH+DAn	jurocudan
RESOLVE_INTERNAL	juro+CH+sH	jurocusu
RESOLVE_INTERNAL	juro+CH+vari	jurocuvari
RESOLVE_INTERNAL	juro+DA+ki+lAr	jurodakiler
RESOLVE_INTERNAL	juro+DA+ki+HnHz	jurodakiniz
RESOLVE_INTERNAL	juro+DA+ki+SH	jurodakisi
RESOLVE_INTERNAL	juro+DA+ki+NHn	jurodakinin
RESOLVE_INTERNAL	juro+DA+ki+Yken	jurodakiyken
RESOLVE_INTERNAL	juro+DA+ki+lAr+NHn+mHş+CAsHnA+YsA	jurodakilerinmişçesineyse

RESOLVE_INTERNAL	pengö+lAr	pengöler
RESOLVE_INTERNAL	pengö+HnHz	pengönüz
RESOLVE_INTERNAL	pengö+SH	pengösü
RESOLVE_INTERNAL	pengö+NHn	pengönün
RESOLVE_INTERNAL	pengö+NCA	pengönce
RESOLVE_INTERNAL	pengö+YH	pengöyü
RESOLVE_INTERNAL	pengö+YA	pengöye
RESOLVE_INTERNAL	pengö+Yken	pengöyken
RESOLVE_INTERNAL	pengö+DAn	pengöden
RESOLVE_INTERNAL	pengö+CH	pengöcü
RESOLVE_INTERNAL	pengö+sH	pengösü
RESOLVE_INTERNAL	pengö+ist	pengöist
RESOLVE_INTERNAL	pengö+vari	pengövari
RESOLVE_INTERNAL	pengö+lHk+lAr	pengölükler
RESOLVE_INTERNAL	pengö+lHk+HnHz	pengölüğünüz
RESOLVE_INTERNAL	pengö+lHk+SH	pengölüğü
RESOLVE_INTERNAL	pengö+lHk+NHn	pengölüğün
RESOLVE_INTERNAL	pengö+lHk+NCA	pengölükçe
RESOLVE_INTERNAL	pengö+lHk+YH	pengölüğü
RESOLVE_INTERNAL	pengö+lHk+YA	pengölüğe
RESOLVE_INTERNAL	pengö+lHk+Yken	pengölükken
RESOLVE_INTERNAL	pengö+lHk+DAn	pengölükten
RESOLVE_INTERNAL	pengö+lHk+CH	pengölükçü
RESOLVE_INTERNAL	pengö+lHk+sH	pengölüksü
RESOLVE_INTERNAL	pengö+lHk+vari	pengölükvari
RESOLVE_INTERNAL	pengö+lH+lAr	pengölüler
RESOLVE_INTERNAL	pengö+lH+HnHz	pengölünüz
RESOLVE_INTERNAL	pengö+lH+SH	pengölüsü
RESOLVE_INTERNAL	pengö+lH+NHn	pengölünün
RESOLVE_INTERNAL	pengö+lH+NCA	pengölünce
RESOLVE_INTERNAL	pengö+lH+YH	pengölüyü
RESOLVE_INTERNAL	pengö+lH+YA	pengölüye
RESOLVE_INTERNAL	pengö+lH+Yken	pengölüyken
RESOLVE_INTERNAL	pengö+lH+DAn	pengölüden
RESOLVE_INTERNAL	pengö+lH+CH	pengölücü
RESOLVE_INTERNAL	pengö+lH+sH	pengölüsü
RESOLVE_INTERNAL	pengö+lH+vari	pengölüvari
RESOLVE_INTERNAL	pengö+CH+lAr	pengöcüler
RESOLVE_INTERNAL	pengö+CH+HnHz	pengöcünüz
RESOLVE_INTERNAL	pengö+CH+SH	pengöcüsü
RESOLVE_INTERNAL	pengö+CH+NHn	pengöcünün
RESOLVE_INTERNAL	pengö+CH+NCA	pengöcünce
RESOLVE_INTERNAL	pengö+CH+YH	pengöcüyü
RESOLVE_INTERNAL	pengö+CH+YA	pengöcüye
RESOLVE_INTERNAL	pengö+CH+Yken	pengöcüyken
RESOLVE_INTERNAL	pengö+CH+DAn	pengöcüden
RESOLVE_INTERNAL	pengö+CH+sH	pengöcüsü
RESOLVE_INTERNAL	pengö+CH+vari	pengöcüvari
RESOLVE_INTERNAL	pengö+DA+ki+lAr	pengödekiler
RESOLVE_INTERNAL	pengö+DA+ki+HnHz	pengödekiniz
RESOLVE_INTERNAL	pengö+DA+ki+SH	pengödekisi
RESOLVE_INTERNAL	pengö+DA+ki+NHn	pengödekinin
RESOLVE_INTERNAL	pengö+DA+ki+Yken	pengödekiyken
RESOLVE_INTERNAL	pengö+DA+ki+lAr+NHn+mHş+CAsHnA+YsA	pengödekilerinmişçesineyse

RESOLVE_INTERNAL	kurgu+lAr	kurgular
RESOLVE_INTERNAL	kurgu+HnHz	kurgunuz
RESOLVE_INTERNAL	kurgu+SH	kurgusu
RESOLVE_INTERNAL	kurgu+NHn	kurgunun
RESOLVE_INTERNAL	kurgu+NCA	kurgunca
RESOLVE_INTERNAL	kurgu+YH	kurguyu
RESOLVE_INTERNAL	kurgu+YA	kurguya
RESOLVE_INTERNAL	kurgu+Yken	kurguyken
RESOLVE_INTERNAL	kurgu+DAn	kurgudan
RESOLVE_INTERNAL	kurgu+CH	kurgucu
RESOLVE_INTERNAL	kurgu+sH	kurgusu
RESOLVE_INTERNAL	kurgu+ist	kurguist
RESOLVE_INTERNAL	kurgu+vari	kurguvari
RESOLVE_INTERNAL	kurgu+lHk+lAr	kurguluklar
RESOLVE_INTERNAL	kurgu+lHk+HnHz	kurguluğunuz
RESOLVE_INTERNAL	kurgu+lHk+SH	kurguluğu
RESOLVE_INTERNAL	kurgu+lHk+NHn	kurguluğun
RESOLVE_INTERNAL	kurgu+lHk+NCA	kurgulukça
RESOLVE_INTERNAL	kurgu+lHk+YH	kurguluğu
RESOLVE_INTERNAL	kurgu+lHk+YA	kurguluğa
RESOLVE_INTERNAL	kurgu+lHk+Yken	kurgulukken
RESOLVE_INTERNAL	kurgu+lHk+DAn	kurguluktan
RESOLVE_INTERNAL	kurgu+lHk+CH	kurgulukçu
RESOLVE_INTERNAL	kurgu+lHk+sH	kurguluksu
RESOLVE_INTERNAL	kurgu+lHk+vari	kurgulukvari
RESOLVE_INTERNAL	kurgu+lH+lAr	kurgulular
RESOLVE_INTERNAL	kurgu+lH+HnHz	kurgulunuz
RESOLVE_INTERNAL	kurgu+lH+SH	kurgulusu
RESOLVE_INTERNAL	kurgu+lH+NHn	kurgulunun
RESOLVE_INTERNAL	kurgu+lH+NCA	kurgulunca
RESOLVE_INTERNAL	kurgu+lH+YH	kurguluyu
RESOLVE_INTERNAL	kurgu+lH+YA	kurguluya
RESOLVE_INTERNAL	kurgu+lH+Yken	kurguluyken
RESOLVE_INTERNAL	kurgu+lH+DAn	kurguludan
RESOLVE_INTERNAL	kurgu+lH+CH	kurgulucu
RESOLVE_INTERNAL	kurgu+lH+sH	kurgulusu
RESOLVE_INTERNAL	kurgu+lH+vari	kurguluvari
RESOLVE_INTERNAL	kurgu+CH+lAr	kurgucular
RESOLVE_INTERNAL	kurgu+CH+HnHz	kurgucunuz
RESOLVE_INTERNAL	kurgu+CH+SH	kurgucusu
RESOLVE_INTERNAL	kurgu+CH+NHn	kurgucunun
RESOLVE_INTERNAL	kurgu+CH+NCA	kurgucunca
RESOLVE_INTERNAL	kurgu+CH+YH	kurgucuyu
RESOLVE_INTERNAL	kurgu+CH+YA	kurgucuya
RESOLVE_INTERNAL	kurgu+CH+Yken	kurgucuyken
RESOLVE_INTERNAL	kurgu+CH+DAn	kurgucudan
RESOLVE_INTERNAL	kurgu+CH+sH	kurgucusu
RESOLVE_INTERNAL	kurgu+CH+vari	kurgucuvari
RESOLVE_INTERNAL	kurgu+DA+ki+lAr	kurgudakiler
RESOLVE_INTERNAL	kurgu+DA+ki+HnHz	kurgudakiniz
RESOLVE_INTERNAL	kurgu+DA+ki+SH	kurgudakisi
RESOLVE_INTERNAL	kurgu+DA+ki+NHn	kurgudakinin
RESOLVE_INTERNAL	kurgu+DA+ki+Yken	kurgudakiyken
RESOLVE_INTERNAL	kurgu+DA+ki+lAr+NHn+mHş+CAsHnA+YsA	kurgudakilerinmişçesineyse

RESOLVE_INTERNAL	büküntü+lAr	büküntüler
RESOLVE_INTERNAL	büküntü+HnHz	büküntünüz
RESOLVE_INTERNAL	büküntü+SH	büküntüsü
RESOLVE_INTERNAL	büküntü+NHn	büküntünün
RESOLVE_INTERNAL	büküntü+NCA	büküntünce
RESOLVE_INTERNAL	büküntü+YH	büküntüyü
RESOLVE_INTERNAL	büküntü+YA	büküntüye
RESOLVE_INTERNAL	büküntü+Yken	büküntüyken
RESOLVE_INTERNAL	büküntü+DAn	büküntüden
RESOLVE_INTERNAL	büküntü+CH	büküntücü
RESOLVE_INTERNAL	büküntü+sH	büküntüsü
RESOLVE_INTERNAL	büküntü+ist	büküntüist
RESOLVE_INTERNAL	büküntü+vari	büküntüvari
RESOLVE_INTERNAL	büküntü+lHk+lAr	büküntülükler
RESOLVE_INTERNAL	büküntü+lHk+HnHz	büküntülüğünüz
RESOLVE_INTERNAL	büküntü+lHk+SH	büküntülüğü
RESOLVE_INTERNAL	büküntü+lHk+NHn	büküntülüğün
RESOLVE_INTERNAL	büküntü+lHk+NCA	büküntülükçe
RESOLVE_INTERNAL	büküntü+lHk+YH	büküntülüğü
RESOLVE_INTERNAL	büküntü+lHk+YA	büküntülüğe
RESOLVE_INTERNAL	büküntü+lHk+Yken	büküntülükken
RESOLVE_INTERNAL	büküntü+lHk+DAn	büküntülükten
RESOLVE_INTERNAL	büküntü+lHk+CH	büküntülükçü
RESOLVE_INTERNAL	büküntü+lHk+sH	büküntülüksü
RESOLVE_INTERNAL	büküntü+lHk+vari	büküntülükvari
RESOLVE_INTERNAL	büküntü+lH+lAr	büküntülüler
RESOLVE_INTERNAL	büküntü+lH+HnHz	büküntülünüz
RESOLVE_INTERNAL	büküntü+lH+SH	büküntülüsü
RESOLVE_INTERNAL	büküntü+lH+NHn	büküntülünün
RESOLVE_INTERNAL	büküntü+lH+NCA	büküntülünce
RESOLVE_INTERNAL	büküntü+lH+YH	büküntülüyü
RESOLVE_INTERNAL	büküntü+lH+YA	büküntülüye
RESOLVE_INTERNAL	büküntü+lH+Yken	büküntülüyken
RESOLVE_INTERNAL	büküntü+lH+DAn	büküntülüden
RESOLVE_INTERNAL	büküntü+lH+CH	büküntülücü
RESOLVE_INTERNAL	büküntü+lH+sH	büküntülüsü
RESOLVE_INTERNAL	büküntü+lH+vari	büküntülüvari
RESOLVE_INTERNAL	büküntü+CH+lAr	büküntücüler
RESOLVE_INTERNAL	büküntü+CH+HnHz	büküntücünüz
RESOLVE_INTERNAL	büküntü+CH+SH	büküntücüsü
RESOLVE_INTERNAL	büküntü+CH+NHn	büküntücünün
RESOLVE_INTERNAL	büküntü+CH+NCA	büküntücünce
RESOLVE_INTERNAL	büküntü+CH+YH	büküntücüyü
RESOLVE_INTERNAL	büküntü+CH+YA	büküntücüye
RESOLVE_INTERNAL	büküntü+CH+Yken	büküntücüyken
RESOLVE_INTERNAL	büküntü+CH+DAn	büküntücüden
RESOLVE_INTERNAL	büküntü+CH+sH	büküntücüsü
RESOLVE_INTERNAL	büküntü+CH+vari	büküntücüvari
RESOLVE_INTERNAL	büküntü+DA+ki+lAr	büküntüdekiler
RESOLVE_INTERNAL	büküntü+DA+ki+HnHz	büküntüdekiniz
RESOLVE_INTERNAL	büküntü+DA+ki+SH	büküntüdekisi
RESOLVE_INTERNAL	büküntü+DA+ki+NHn	büküntüdekinin
RESOLVE_INTERNAL	büküntü+DA+ki+Yken	büküntüdekiyken
RESOLVE_INTERNAL	büküntü+DA+ki+lAr+NHn+mHş+CAsHnA+YsA	büküntüdekilerinmişçesineyse

RESOLVE_INTERNAL	tulû+lAr	tulûlar
RESOLVE_INTERNAL	tulû+HnHz	tulûnuz
RESOLVE_INTERNAL	tulû+SH	tulûsu
RESOLVE_INTERNAL	tulû+NHn	tulûnun
RESOLVE_INTERNAL	tulû+NCA	tulûnca
RESOLVE_INTERNAL	tulû+YH	tulûyu
RESOLVE_INTERNAL	tulû+YA	tulûya
RESOLVE_INTERNAL	tulû+Yken	tulûyken
RESOLVE_INTERNAL	tulû+DAn	tulûdan
RESOLVE_INTERNAL	tulû+CH	tulûcu
RESOLVE_INTERNAL	tulû+sH	tulûsu
RESOLVE_INTERNAL	tulû+ist	tulûist
RESOLVE_INTERNAL	tulû+vari	tulûvari
RESOLVE_INTERNAL	tulû+lHk+lAr	tulûluklar
RESOLVE_INTERNAL	tulû+lHk+HnHz	tulûluğunuz
RESOLVE_INTERNAL	tulû+lHk+SH	tulûluğu
RESOLVE_INTERNAL	tulû+lHk+NHn	tulûluğun
RESOLVE_INTERNAL	tulû+lHk+NCA	tulûlukça
RESOLVE_INTERNAL	tulû+lHk+YH	tulûluğu
RESOLVE_INTERNAL	tulû+lHk+YA	tulûluğa
RESOLVE_INTERNAL	tulû+lHk+Yken	tulûlukken
RESOLVE_INTERNAL	tulû+lHk+DAn	tulûluktan
RESOLVE_INTERNAL	tulû+lHk+CH	tulûlukçu
RESOLVE_INTERNAL	tulû+lHk+sH	tulûluksu
RESOLVE_INTERNAL	tulû+lHk+vari	tulûlukvari
RESOLVE_INTERNAL	tulû+lH+lAr	tulûlular
RESOLVE_INTERNAL	tulû+lH+HnHz	tulûlunuz
RESOLVE_INTERNAL	tulû+lH+SH	tulûlusu
RESOLVE_INTERNAL	tulû+lH+NHn	tulûlunun
RESOLVE_INTERNAL	tulû+lH+NCA	tulûlunca
RESOLVE_INTERNAL	tulû+lH+YH	tulûluyu
RESOLVE_INTERNAL	tulû+lH+YA	tulûluya
RESOLVE_INTERNAL	tulû+lH+Yken	tulûluyken
RESOLVE_INTERNAL	tulû+lH+DAn	tulûludan
RESOLVE_INTERNAL	tulû+lH+CH	tulûlucu
RESOLVE_INTERNAL	tulû+lH+sH	tulûlusu
RESOLVE_INTERNAL	tulû+lH+vari	tulûluvari
RESOLVE_INTERNAL	tulû+CH+lAr	tulûcular
RESOLVE_INTERNAL	tulû+CH+HnHz	tulûcunuz
RESOLVE_INTERNAL	tulû+CH+SH	tulûcusu
RESOLVE_INTERNAL	tulû+CH+NHn	tulûcunun
RESOLVE_INTERNAL	tulû+CH+NCA	tulûcunca
RESOLVE_INTERNAL	tulû+CH+YH	tulûcuyu
RESOLVE_INTERNAL	tulû+CH+YA	tulûcuya
RESOLVE_INTERNAL	tulû+CH+Yken	tulûcuyken
RESOLVE_INTERNAL	tulû+CH+DAn	tulûcudan
RESOLVE_INTERNAL	tulû+CH+sH	tulûcusu
RESOLVE_INTERNAL	tulû+CH+vari	tulûcuvari
RESOLVE_INTERNAL	tulû+DA+ki+lAr	tulûdakiler
RESOLVE_INTERNAL	tulû+DA+ki+HnHz	tulûdakiniz
RESOLVE_INTERNAL	tulû+DA+ki+SH	tulûdakisi
RESOLVE_INTERNAL	tulû+DA+ki+NHn	tulûdakinin
RESOLVE_INTERNAL	tulû+DA+ki+Yken	tulûdakiyken
RESOLVE_INTERNAL	tulû+DA+ki+lAr+NHn+mHş+CAsHnA+YsA	tulûdakilerinmişçesineyse

RESOLVE_INTERNAL	delgiç+lAr	delgiçler
RESOLVE_INTERNAL	delgiç+HnHz	delgiciniz
RESOLVE_INTERNAL	delgiç+SH	delgici
RESOLVE_INTERNAL	delgiç+NHn	delgicin
RESOLVE_INTERNAL	delgiç+NCA	delgiççe
RESOLVE_INTERNAL	delgiç+YH	delgici
RESOLVE_INTERNAL	delgiç+YA	delgice
RESOLVE_INTERNAL	delgiç+Yken	delgiçken
RESOLVE_INTERNAL	delgiç+DAn	delgiçten
RESOLVE_INTERNAL	delgiç+CH	delgiççi
RESOLVE_INTERNAL	delgiç+sH	delgiçsi
RESOLVE_INTERNAL	delgiç+ist	delgiçist
RESOLVE_INTERNAL	delgiç+vari	delgiçvari
RESOLVE_INTERNAL	delgiç+lHk+lAr	delgiçlikler
RESOLVE_INTERNAL	delgiç+lHk+HnHz	delgiçliğiniz
RESOLVE_INTERNAL	delgiç+lHk+SH	delgiçliği
RESOLVE_INTERNAL	delgiç+lHk+NHn	delgiçliğin
RESOLVE_INTERNAL	delgiç+lHk+NCA	delgiçlikçe
RESOLVE_INTERNAL	delgiç+lHk+YH	delgiçliği
RESOLVE_INTERNAL	delgiç+lHk+YA	delgiçliğe
RESOLVE_INTERNAL	delgiç+lHk+Yken	delgiçlikken
RESOLVE_INTERNAL	delgiç+lHk+DAn	delgiçlikten
RESOLVE_INTERNAL	delgiç+lHk+CH	delgiçlikçi
RESOLVE_INTERNAL	delgiç+lHk+sH	delgiçliksi
RESOLVE_INTERNAL	delgiç+lHk+vari	delgiçlikvari
RESOLVE_INTERNAL	delgiç+lH+lAr	delgiçliler
RESOLVE_INTERNAL	delgiç+lH+HnHz	delgiçliniz
RESOLVE_INTERNAL	delgiç+lH+SH	delgiçlisi
RESOLVE_INTERNAL	delgiç+lH+NHn	delgiçlinin
RESOLVE_INTERNAL	delgiç+lH+NCA	delgiçlince
RESOLVE_INTERNAL	delgiç+lH+YH	delgiçliyi
RESOLVE_INTERNAL	delgiç+lH+YA	delgiçliye
RESOLVE_INTERNAL	delgiç+lH+Yken	delgiçliyken
RESOLVE_INTERNAL	delgiç+lH+DAn	delgiçliden
RESOLVE_INTERNAL	delgiç+lH+CH	delgiçlici
RESOLVE_INTERNAL	delgiç+lH+sH	delgiçlisi
RESOLVE_INTERNAL	delgiç+lH+vari	delgiçlivari
RESOLVE_INTERNAL	delgiç+CH+lAr	delgiççiler
RESOLVE_INTERNAL	delgiç+CH+HnHz	delgiççiniz
RESOLVE_INTERNAL	delgiç+CH+SH	delgiççisi
RESOLVE_INTERNAL	delgiç+CH+NHn	delgiççinin
RESOLVE_INTERNAL	delgiç+CH+NCA	delgiççince
RESOLVE_INTERNAL	delgiç+CH+YH	delgiççiyi
RESOLVE_INTERNAL	delgiç+CH+YA	delgiççiye
RESOLVE_INTERNAL	delgiç+CH+Yken	delgiççiyken
RESOLVE_INTERNAL	delgiç+CH+DAn	delgiççiden
RESOLVE_INTERNAL	delgiç+CH+sH	delgiççisi
RESOLVE_INTERNAL	delgiç+CH+vari	delgiççivari
RESOLVE_INTERNAL	delgiç+DA+ki+lAr	delgiçtekiler
RESOLVE_INTERNAL	delgiç+DA+ki+HnHz	delgiçtekiniz
RESOLVE_INTERNAL	delgiç+DA+ki+SH	delgiçtekisi
RESOLVE_INTERNAL	delgiç+DA+ki+NHn	delgiçtekinin
RESOLVE_INTERNAL	delgiç+DA+ki+Yken	delgiçtekiyken
RESOLVE_INTERNAL	delgiç+DA+ki+lAr+NHn+mHş+CAsHnA+YsA	delgiçtekilerinmişçesineyse

RESOLVE_INTERNAL	hayrülhalef+lAr	hayrülhalefler
RESOLVE_INTERNAL	hayrülhalef+HnHz	hayrülhalefiniz
RESOLVE_INTERNAL	hayrülhalef+SH	hayrülhalefi
RESOLVE_INTERNAL	hayrülhalef+NHn	hayrülhalefin
RESOLVE_INTERNAL	hayrülhalef+NCA	hayrülhalefçe
RESOLVE_INTERNAL	hayrülhalef+YH	hayrülhalefi
RESOLVE_INTERNAL	hayrülhalef+YA	hayrülhalefe
RESOLVE_INTERNAL	hayrülhalef+Yken	hayrülhalefken
RESOLVE_INTERNAL	hayrülhalef+DAn	hayrülhaleften
RESOLVE_INTERNAL	hayrülhalef+CH	hayrülhalefçi
RESOLVE_INTERNAL	hayrülhalef+sH	hayrülhalefsi
RESOLVE_INTERNAL	hayrülhalef+ist	hayrülhalefist
RESOLVE_INTERNAL	hayrülhalef+vari	hayrülhalefvari
RESOLVE_INTERNAL	hayrülhalef+lHk+lAr	hayrülhaleflikler
RESOLVE_INTERNAL	hayrülhalef+lHk+HnHz	hayrülhalefliğiniz
RESOLVE_INTERNAL	hayrülhalef+lHk+SH	hayrülhalefliği
RESOLVE_INTERNAL	hayrülhalef+lHk+NHn	hayrülhalefliğin
RESOLVE_INTERNAL	hayrülhalef+lHk+NCA	hayrülhaleflikçe
RESOLVE_INTERNAL	hayrülhalef+lHk+YH	hayrülhalefliği
RESOLVE_INTERNAL	hayrülhalef+lHk+YA	hayrülhalefliğe
RESOLVE_INTERNAL	hayrülhalef+lHk+Yken	hayrülhaleflikken
RESOLVE_INTERNAL	hayrülhalef+lHk+DAn	hayrülhaleflikten
RESOLVE_INTERNAL	hayrülhalef+lHk+CH	hayrülhaleflikçi
RESOLVE_INTERNAL	hayrülhalef+lHk+sH	hayrülhalefliksi
RESOLVE_INTERNAL	hayrülhalef+lHk+vari	hayrülhaleflikvari
RESOLVE_INTERNAL	hayrülhalef+lH+lAr	hayrülhalefliler
RESOLVE_INTERNAL	hayrülhalef+lH+HnHz	hayrülhalefliniz
RESOLVE_INTERNAL	hayrülhalef+lH+SH	hayrülhaleflisi
RESOLVE_INTERNAL	hayrülhalef+lH+NHn	hayrülhaleflinin
RESOLVE_INTERNAL	hayrülhalef+lH+NCA	hayrülhaleflince
RESOLVE_INTERNAL	hayrülhalef+lH+YH	hayrülhalefliyi
RESOLVE_INTERNAL	hayrülhalef+lH+YA	hayrülhalefliye
RESOLVE_INTERNAL	hayrülhalef+lH+Yken	hayrülhalefliyken
RESOLVE_INTERNAL	hayrülhalef+lH+DAn	hayrülhalefliden
RESOLVE_INTERNAL	hayrülhalef+lH+CH	hayrülhaleflici
RESOLVE_INTERNAL	hayrülhalef+lH+sH	hayrülhaleflisi
RESOLVE_INTERNAL	hayrülhalef+lH+vari	hayrülhaleflivari
RESOLVE_INTERNAL	hayrülhalef+CH+lAr	hayrülhalefçiler
RESOLVE_INTERNAL	hayrülhalef+CH+HnHz	hayrülhalefçiniz
RESOLVE_INTERNAL	hayrülhalef+CH+SH	hayrülhalefçisi
RESOLVE_INTERNAL	hayrülhalef+CH+NHn	hayrülhalefçinin
RESOLVE_INTERNAL	hayrülhalef+CH+NCA	hayrülhalefçince
RESOLVE_INTERNAL	hayrülhalef+CH+YH	hayrülhalefçiyi
RESOLVE_INTERNAL	hayrülhalef+CH+YA	hayrülhalefçiye
RESOLVE_INTERNAL	hayrülhalef+CH+Yken	hayrülhalefçiyken
RESOLVE_INTERNAL	hayrülhalef+CH+DAn	hayrülhalefçiden
RESOLVE_INTERNAL	hayrülhalef+CH+sH	hayrülhalefçisi
RESOLVE_INTERNAL	hayrülhalef+CH+vari	hayrülhalefçivari
RESOLVE_INTERNAL	hayrülhalef+DA+ki+lAr	hayrülhaleftekiler
RESOLVE_INTERNAL	hayrülhalef+DA+ki+HnHz	hayrülhaleftekiniz
RESOLVE_INTERNAL	hayrülhalef+DA+ki+SH	hayrülhaleftekisi
RESOLVE_INTERNAL	hayrülhalef+DA+ki+NHn	hayrülhaleftekinin
RESOLVE_INTERNAL	hayrülhalef+DA+ki+Yken	hayrülhaleftekiyken
RESOLVE_INTERNAL	hayrülhalef+DA+ki+lAr+NHn+mHş+CAsHnA+YsA	hayrülhaleftekilerinmişçesineyse

RESOLVE_INTERNAL	salâh+lAr	salâhlar
RESOLVE_INTERNAL	salâh+HnHz	salâhınız
RESOLVE_INTERNAL	salâh+SH	salâhı
RESOLVE_INTERNAL	salâh+NHn	salâhın
RESOLVE_INTERNAL	salâh+NCA	salâhça
RESOLVE_INTERNAL	salâh+YH	salâhı
RESOLVE_INTERNAL	salâh+YA	salâha
RESOLVE_INTERNAL	salâh+Yken	salâhken
RESOLVE_INTERNAL	salâh+DAn	salâhtan
RESOLVE_INTERNAL	salâh+CH	salâhçı
RESOLVE_INTERNAL	salâh+sH	salâhsı
RESOLVE_INTERNAL	salâh+ist	salâhist
RESOLVE_INTERNAL	salâh+vari	salâhvari
RESOLVE_INTERNAL	salâh+lHk+lAr	salâhlıklar
RESOLVE_INTERNAL	salâh+lHk+HnHz	salâhlığınız
RESOLVE_INTERNAL	salâh+lHk+SH	salâhlığı
RESOLVE_INTERNAL	salâh+lHk+NHn	salâhlığın
RESOLVE_INTERNAL	salâh+lHk+NCA	salâhlıkça
RESOLVE_INTERNAL	salâh+lHk+YH	salâhlığı
RESOLVE_INTERNAL	salâh+lHk+YA	salâhlığa
RESOLVE_INTERNAL	salâh+lHk+Yken	salâhlıkken
RESOLVE_INTERNAL	salâh+lHk+DAn	salâhlıktan
RESOLVE_INTERNAL	salâh+lHk+CH	salâhlıkçı
RESOLVE_INTERNAL	salâh+lHk+sH	salâhlıksı
RESOLVE_INTERNAL	salâh+lHk+vari	salâhlıkvari
RESOLVE_INTERNAL	salâh+lH+lAr	salâhlılar
RESOLVE_INTERNAL	salâh+lH+HnHz	salâhlınız
RESOLVE_INTERNAL	salâh+lH+SH	salâhlısı
RESOLVE_INTERNAL	salâh+lH+NHn	salâhlının
RESOLVE_INTERNAL	salâh+lH+NCA	salâhlınca
RESOLVE_INTERNAL	salâh+lH+YH	salâhlıyı
RESOLVE_INTERNAL	salâh+lH+YA	salâhlıya
RESOLVE_INTERNAL	salâh+lH+Yken	salâhlıyken
RESOLVE_INTERNAL	salâh+lH+DAn	salâhlıdan
RESOLVE_INTERNAL	salâh+lH+CH	salâhlıcı
RESOLVE_INTERNAL	salâh+lH+sH	salâhlısı
RESOLVE_INTERNAL	salâh+lH+vari	salâhlıvari
RESOLVE_INTERNAL	salâh+CH+lAr	salâhçılar
RESOLVE_INTERNAL	salâh+CH+HnHz	salâhçınız
RESOLVE_INTERNAL	salâh+CH+SH	salâhçısı
RESOLVE_INTERNAL	salâh+CH+NHn	salâhçının
RESOLVE_INTERNAL	salâh+CH+NCA	salâhçınca
RESOLVE_INTERNAL	salâh+CH+YH	salâhçıyı
RESOLVE_INTERNAL	salâh+CH+YA	salâhçıya
RESOLVE_INTERNAL	salâh+CH+Yken	salâhçıyken
RESOLVE_INTERNAL	salâh+CH+DAn	salâhçıdan
RESOLVE_INTERNAL	salâh+CH+sH	salâhçısı
RESOLVE_INTERNAL	salâh+CH+vari	salâhçıvari
RESOLVE_INTERNAL	salâh+DA+ki+lAr	salâhtakiler
RESOLVE_INTERNAL	salâh+DA+ki+HnHz	salâhtakiniz
RESOLVE_INTERNAL	salâh+DA+ki+SH	salâhtakisi
RESOLVE_INTERNAL	salâh+DA+ki+NHn	salâhtakinin
RESOLVE_INTERNAL	salâh+DA+ki+Yken	salâhtakiyken
RESOLVE_INTERNAL	salâh+DA+ki+lAr+NHn+mHş+CAsHnA+YsA	salâhtakilerinmişçesineyse

RESOLVE_INTERNAL	renk+lAr	renkler
RESOLVE_INTERNAL	renk+HnHz	renginiz
RESOLVE_INTERNAL	renk+SH	rengi
RESOLVE_INTERNAL	renk+NHn	rengin
RESOLVE_INTERNAL	renk+NCA	renkçe
RESOLVE_INTERNAL	renk+YH	rengi
RESOLVE_INTERNAL	renk+YA	renge
RESOLVE_INTERNAL	renk+Yken	renkken
RESOLVE_INTERNAL	renk+DAn	renkten
RESOLVE_INTERNAL	renk+CH	renkçi
RESOLVE_INTERNAL	renk+sH	renksi
RESOLVE_INTERNAL	renk+ist	renkist
RESOLVE_INTERNAL	renk+vari	renkvari
RESOLVE_INTERNAL	renk+lHk+lAr	renklikler
RESOLVE_INTERNAL	renk+lHk+HnHz	renkliğiniz
RESOLVE_INTERNAL	renk+lHk+SH	renkliği
RESOLVE_INTERNAL	renk+lHk+NHn	renkliğin
RESOLVE_INTERNAL	renk+lHk+NCA	renklikçe
RESOLVE_INTERNAL	renk+lHk+YH	renkliği
RESOLVE_INTERNAL	renk+lHk+YA	renkliğe
RESOLVE_INTERNAL	renk+lHk+Yken	renklikken
RESOLVE_INTERNAL	renk+lHk+DAn	renklikten
RESOLVE_INTERNAL	renk+lHk+CH	renklikçi
RESOLVE_INTERNAL	renk+lHk+sH	renkliksi
RESOLVE_INTERNAL	renk+lHk+vari	renklikvari
RESOLVE_INTERNAL	renk+lH+lAr	renkliler
RESOLVE_INTERNAL	renk+lH+HnHz	renkliniz
RESOLVE_INTERNAL	renk+lH+SH	renklisi
RESOLVE_INTERNAL	renk+lH+NHn	renklinin
RESOLVE_INTERNAL	renk+lH+NCA	renklince
RESOLVE_INTERNAL	renk+lH+YH	renkliyi
RESOLVE_INTERNAL	renk+lH+YA	renkliye
RESOLVE_INTERNAL	renk+lH+Yken	renkliyken
RESOLVE_INTERNAL	renk+lH+DAn	renkliden
RESOLVE_INTERNAL	renk+lH+CH	renklici
RESOLVE_INTERNAL	renk+lH+sH	renklisi
RESOLVE_INTERNAL	renk+lH+vari	renklivari
RESOLVE_INTERNAL	renk+CH+lAr	renkçiler
RESOLVE_INTERNAL	renk+CH+HnHz	renkçiniz
RESOLVE_INTERNAL	renk+CH+SH	renkçisi
RESOLVE_INTERNAL	renk+CH+NHn	renkçinin
RESOLVE_INTERNAL	renk+CH+NCA	renkçince
RESOLVE_INTERNAL	renk+CH+YH	renkçiyi
RESOLVE_INTERNAL	renk+CH+YA	renkçiye
RESOLVE_INTERNAL	renk+CH+Yken	renkçiyken
RESOLVE_INTERNAL	renk+CH+DAn	renkçiden
RESOLVE_INTERNAL	renk+CH+sH	renkçisi
RESOLVE_INTERNAL	renk+CH+vari	renkçivari
RESOLVE_INTERNAL	renk+DA+ki+lAr	renktekiler
RESOLVE_INTERNAL	renk+DA+ki+HnHz	renktekiniz
RESOLVE_INTERNAL	renk+DA+ki+SH	renktekisi
RESOLVE_INTERNAL	renk+DA+ki+NHn	renktekinin
RESOLVE_INTERNAL	renk+DA+ki+Yken	renktekiyken
RESOLVE_INTERNAL	renk+DA+ki+lAr+NHn+mHş+CAsHnA+YsA	renktekilerinmişçesineyse

RESOLVE_INTERNAL	nanik+lAr	nanikler
RESOLVE_INTERNAL	nanik+HnHz	naniğiniz
RESOLVE_INTERNAL	nanik+SH	naniği
RESOLVE_INTERNAL	nanik+NHn	naniğin
RESOLVE_INTERNAL	nanik+NCA	nanikçe
RESOLVE_INTERNAL	nanik+YH	naniği
RESOLVE_INTERNAL	nanik+YA	naniğe
RESOLVE_INTERNAL	nanik+Yken	nanikken
RESOLVE_INTERNAL	nanik+DAn	nanikten
RESOLVE_INTERNAL	nanik+CH	nanikçi
RESOLVE_INTERNAL	nanik+sH	naniksi
RESOLVE_INTERNAL	nanik+ist	nanikist
RESOLVE_INTERNAL	nanik+vari	nanikvari
RESOLVE_INTERNAL	nanik+lHk+lAr	naniklikler
RESOLVE_INTERNAL	nanik+lHk+HnHz	nanikliğiniz
RESOLVE_INTERNAL	nanik+lHk+SH	nanikliği
RESOLVE_INTERNAL	nanik+lHk+NHn	nanikliğin
RESOLVE_INTERNAL	nanik+lHk+NCA	naniklikçe
RESOLVE_INTERNAL	nanik+lHk+YH	nanikliği
RESOLVE_INTERNAL	nanik+lHk+YA	nanikliğe
RESOLVE_INTERNAL	nanik+lHk+Yken	naniklikken
RESOLVE_INTERNAL	nanik+lHk+DAn	naniklikten
RESOLVE_INTERNAL	nanik+lHk+CH	naniklikçi
RESOLVE_INTERNAL	nanik+lHk+sH	nanikliksi
RESOLVE_INTERNAL	nanik+lHk+vari	naniklikvari
RESOLVE_INTERNAL	nanik+lH+lAr	nanikliler
RESOLVE_INTERNAL	nanik+lH+HnHz	nanikliniz
RESOLVE_INTERNAL	nanik+lH+SH	naniklisi
RESOLVE_INTERNAL	nanik+lH+NHn	naniklinin
RESOLVE_INTERNAL	nanik+lH+NCA	naniklince
RESOLVE_INTERNAL	nanik+lH+YH	nanikliyi
RESOLVE_INTERNAL	nanik+lH+YA	nanikliye
RESOLVE_INTERNAL	nanik+lH+Yken	nanikliyken
RESOLVE_INTERNAL	nanik+lH+DAn	nanikliden
RESOLVE_INTERNAL	nanik+lH+CH	naniklici
RESOLVE_INTERNAL	nanik+lH+sH	naniklisi
RESOLVE_INTERNAL	nanik+lH+vari	naniklivari
RESOLVE_INTERNAL	nanik+CH+lAr	nanikçiler
RESOLVE_INTERNAL	nanik+CH+HnHz	nanikçiniz
RESOLVE_INTERNAL	nanik+CH+SH	nanikçisi
RESOLVE_INTERNAL	nanik+CH+NHn	nanikçinin
RESOLVE_INTERNAL	nanik+CH+NCA	nanikçince
RESOLVE_INTERNAL	nanik+CH+YH	nanikçiyi
RESOLVE_INTERNAL	nanik+CH+YA	nanikçiye
RESOLVE_INTERNAL	nanik+CH+Yken	nanikçiyken
RESOLVE_INTERNAL	nanik+CH+DAn	nanikçiden
RESOLVE_INTERNAL	nanik+CH+sH	nanikçisi
RESOLVE_INTERNAL	nanik+CH+vari	nanikçivari
RESOLVE_INTERNAL	nanik+DA+ki+lAr	naniktekiler
RESOLVE_INTERNAL	nanik+DA+ki+HnHz	naniktekiniz
RESOLVE_INTERNAL	nanik+DA+ki+SH	naniktekisi
RESOLVE_INTERNAL	nanik+DA+ki+NHn	naniktekinin
RESOLVE_INTERNAL	nanik+DA+ki+Yken	naniktekiyken
RESOLVE_INTERNAL	nanik+DA+ki+lAr+NHn+mHş+CAsHnA+YsA	naniktekilerinmişçesineyse

RESOLVE_INTERNAL	linotip+lAr	linotipler
RESOLVE_INTERNAL	linotip+HnHz	linotipiniz
RESOLVE_INTERNAL	linotip+SH	linotipi
RESOLVE_INTERNAL	linotip+NHn	linotipin
RESOLVE_INTERNAL	linotip+NCA	linotipçe
RESOLVE_INTERNAL	linotip+YH	linotipi
RESOLVE_INTERNAL	linotip+YA	linotipe
RESOLVE_INTERNAL	linotip+Yken	linotipken
RESOLVE_INTERNAL	linotip+DAn	linotipten
RESOLVE_INTERNAL	linotip+CH	linotipçi
RESOLVE_INTERNAL	linotip+sH	linotipsi
RESOLVE_INTERNAL	linotip+ist	linotipist
RESOLVE_INTERNAL	linotip+vari	linotipvari
RESOLVE_INTERNAL	linotip+lHk+lAr	linotiplikler
RESOLVE_INTERNAL	linotip+lHk+HnHz	linotipliğiniz
RESOLVE_INTERNAL	linotip+lHk+SH	linotipliği
RESOLVE_INTERNAL	linotip+lHk+NHn	linotipliğin
RESOLVE_INTERNAL	linotip+lHk+NCA	linotiplikçe
RESOLVE_INTERNAL	linotip+lHk+YH	linotipliği
RESOLVE_INTERNAL	linotip+lHk+YA	linotipliğe
RESOLVE_INTERNAL	linotip+lHk+Yken	linotiplikken
RESOLVE_INTERNAL	linotip+lHk+DAn	linotiplikten
RESOLVE_INTERNAL	linotip+lHk+CH	linotiplikçi
RESOLVE_INTERNAL	linotip+lHk+sH	linotipliksi
RESOLVE_INTERNAL	linotip+lHk+vari	linotiplikvari
RESOLVE_INTERNAL	linotip+lH+lAr	linotipliler
RESOLVE_INTERNAL	linotip+lH+HnHz	linotipliniz
RESOLVE_INTERNAL	linotip+lH+SH	linotiplisi
RESOLVE_INTERNAL	linotip+lH+NHn	linotiplinin
RESOLVE_INTERNAL	linotip+lH+NCA	linotiplince
RESOLVE_INTERNAL	linotip+lH+YH	linotipliyi
RESOLVE_INTERNAL	linotip+lH+YA	linotipliye
RESOLVE_INTERNAL	linotip+lH+Yken	linotipliyken
RESOLVE_INTERNAL	linotip+lH+DAn	linotipliden
RESOLVE_INTERNAL	linotip+lH+CH	linotiplici
RESOLVE_INTERNAL	linotip+lH+sH	linotiplisi
RESOLVE_INTERNAL	linotip+lH+vari	linotiplivari
RESOLVE_INTERNAL	linotip+CH+lAr	linotipçiler
RESOLVE_INTERNAL	linotip+CH+HnHz	linotipçiniz
RESOLVE_INTERNAL	linotip+CH+SH	linotipçisi
RESOLVE_INTERNAL	linotip+CH+NHn	linotipçinin
RESOLVE_INTERNAL	linotip+CH+NCA	linotipçince
RESOLVE_INTERNAL	linotip+CH+YH	linotipçiyi
RESOLVE_INTERNAL	linotip+CH+YA	linotipçiye
RESOLVE_INTERNAL	linotip+CH+Yken	linotipçiyken
RESOLVE_INTERNAL	linotip+CH+DAn	linotipçiden
RESOLVE_INTERNAL	linotip+CH+sH	linotipçisi
RESOLVE_INTERNAL	linotip+CH+vari	linotipçivari
RESOLVE_INTERNAL	linotip+DA+ki+lAr	linotiptekiler
RESOLVE_INTERNAL	linotip+DA+ki+HnHz	linotiptekiniz
RESOLVE_INTERNAL	linotip+DA+ki+SH	linotiptekisi
RESOLVE_INTERNAL	linotip+DA+ki+NHn	linotiptekinin
RESOLVE_INTERNAL	linotip+DA+ki+Yken	linotiptekiyken
RESOLVE_INTERNAL	linotip+DA+ki+lAr+NHn+mHş+CAsHnA+YsA	linotiptekilerinmişçesineyse

RESOLVE_INTERNAL	mühendis+lAr	mühendisler
RESOLVE_INTERNAL	mühendis+HnHz	mühendisiniz
RESOLVE_INTERNAL	mühendis+SH	mühendisi
RESOLVE_INTERNAL	mühendis+NHn	mühendisin
RESOLVE_INTERNAL	mühendis+NCA	mühendisçe
RESOLVE_INTERNAL	mühendis+YH	mühendisi
RESOLVE_INTERNAL	mühendis+YA	mühendise
RESOLVE_INTERNAL	mühendis+Yken	mühendisken
RESOLVE_INTERNAL	mühendis+DAn	mühendisten
RESOLVE_INTERNAL	mühendis+CH	mühendisçi
RESOLVE_INTERNAL	mühendis+sH	mühendissi
RESOLVE_INTERNAL	mühendis+ist	mühendisist
RESOLVE_INTERNAL	mühendis+vari	mühendisvari
RESOLVE_INTERNAL	mühendis+lHk+lAr	mühendislikler
RESOLVE_INTERNAL	mühendis+lHk+HnHz	mühendisliğiniz
RESOLVE_INTERNAL	mühendis+lHk+SH	mühendisliği
RESOLVE_INTERNAL	mühendis+lHk+NHn	mühendisliğin
RESOLVE_INTERNAL	mühendis+lHk+NCA	mühendislikçe
RESOLVE_INTERNAL	mühendis+lHk+YH	mühendisliği
RESOLVE_INTERNAL	mühendis+lHk+YA	mühendisliğe
RESOLVE_INTERNAL	mühendis+lHk+Yken	mühendislikken
RESOLVE_INTERNAL	mühendis+lHk+DAn	mühendislikten
RESOLVE_INTERNAL	mühendis+lHk+CH	mühendislikçi
RESOLVE_INTERNAL	mühendis+lHk+sH	mühendisliksi
RESOLVE_INTERNAL	mühendis+lHk+vari	mühendislikvari
RESOLVE_INTERNAL	mühendis+lH+lAr	mühendisliler
RESOLVE_INTERNAL	mühendis+lH+HnHz	mühendisliniz
RESOLVE_INTERNAL	mühendis+lH+SH	mühendislisi
RESOLVE_INTERNAL	mühendis+lH+NHn	mühendislinin
RESOLVE_INTERNAL	mühendis+lH+NCA	mühendislince
RESOLVE_INTERNAL	mühendis+lH+YH	mühendisliyi
RESOLVE_INTERNAL	mühendis+lH+YA	mühendisliye
RESOLVE_INTERNAL	mühendis+lH+Yken	mühendisliyken
RESOLVE_INTERNAL	mühendis+lH+DAn	mühendisliden
RESOLVE_INTERNAL	mühendis+lH+CH	mühendislici
RESOLVE_INTERNAL	mühendis+lH+sH	mühendislisi
RESOLVE_INTERNAL	mühendis+lH+vari	mühendislivari
RESOLVE_INTERNAL	mühendis+CH+lAr	mühendisçiler
RESOLVE_INTERNAL	mühendis+CH+HnHz	mühendisçiniz
RESOLVE_INTERNAL	mühendis+CH+SH	mühendisçisi
RESOLVE_INTERNAL	mühendis+CH+NHn	mühendisçinin
RESOLVE_INTERNAL	mühendis+CH+NCA	mühendisçince
RESOLVE_INTERNAL	mühendis+CH+YH	mühendisçiyi
RESOLVE_INTERNAL	mühendis+CH+YA	mühendisçiye
RESOLVE_INTERNAL	mühendis+CH+Yken	mühendisçiyken
RESOLVE_INTERNAL	mühendis+CH+DAn	mühendisçiden
RESOLVE_INTERNAL	mühendis+CH+sH	mühendisçisi
RESOLVE_INTERNAL	mühendis+CH+vari	mühendisçivari
RESOLVE_INTERNAL	mühendis+DA+ki+lAr	mühendistekiler
RESOLVE_INTERNAL	mühendis+DA+ki+HnHz	mühendistekiniz
RESOLVE_INTERNAL	mühendis+DA+ki+SH	mühendistekisi
RESOLVE_INTERNAL	mühendis+DA+ki+NHn	mühendistekinin
RESOLVE_INTERNAL	mühendis+DA+ki+Yken	mühendistekiyken
RESOLVE_INTERNAL	mühendis+DA+ki+lAr+NHn+mHş+CAsHnA+YsA	mühendistekilerinmişçesineyse

RESOLVE_INTERNAL	mevkidaş+lAr	mevkidaşlar
RESOLVE_INTERNAL	mevkidaş+HnHz	mevkidaşınız
RESOLVE_INTERNAL	mevkidaş+SH	mevkidaşı
RESOLVE_INTERNAL	mevkidaş+NHn	mevkidaşın
RESOLVE_INTERNAL	mevkidaş+NCA	mevkidaşça
RESOLVE_INTERNAL	mevkidaş+YH	mevkidaşı
RESOLVE_INTERNAL	mevkidaş+YA	mevkidaşa
RESOLVE_INTERNAL	mevkidaş+Yken	mevkidaşken
RESOLVE_INTERNAL	mevkidaş+DAn	mevkidaştan
RESOLVE_INTERNAL	mevkidaş+CH	mevkidaşçı
RESOLVE_INTERNAL	mevkidaş+sH	mevkidaşsı
RESOLVE_INTERNAL	mevkidaş+ist	mevkidaşist
RESOLVE_INTERNAL	mevkidaş+vari	mevkidaşvari
RESOLVE_INTERNAL	mevkidaş+lHk+lAr	mevkidaşlıklar
RESOLVE_INTERNAL	mevkidaş+lHk+HnHz	mevkidaşlığınız
RESOLVE_INTERNAL	mevkidaş+lHk+SH	mevkidaşlığı
RESOLVE_INTERNAL	mevkidaş+lHk+NHn	mevkidaşlığın
RESOLVE_INTERNAL	mevkidaş+lHk+NCA	mevkidaşlıkça
RESOLVE_INTERNAL	mevkidaş+lHk+YH	mevkidaşlığı
RESOLVE_INTERNAL	mevkidaş+lHk+YA	mevkidaşlığa
RESOLVE_INTERNAL	mevkidaş+lHk+Yken	mevkidaşlıkken
RESOLVE_INTERNAL	mevkidaş+lHk+DAn	mevkidaşlıktan
RESOLVE_INTERNAL	mevkidaş+lHk+CH	mevkidaşlıkçı
RESOLVE_INTERNAL	mevkidaş+lHk+sH	mevkidaşlıksı
RESOLVE_INTERNAL	mevkidaş+lHk+vari	mevkidaşlıkvari
RESOLVE_INTERNAL	mevkidaş+lH+lAr	mevkidaşlılar
RESOLVE_INTERNAL	mevkidaş+lH+HnHz	mevkidaşlınız
RESOLVE_INTERNAL	mevkidaş+lH+SH	mevkidaşlısı
RESOLVE_INTERNAL	mevkidaş+lH+NHn	mevkidaşlının
RESOLVE_INTERNAL	mevkidaş+lH+NCA	mevkidaşlınca
RESOLVE_INTERNAL	mevkidaş+lH+YH	mevkidaşlıyı
RESOLVE_INTERNAL	mevkidaş+lH+YA	mevkidaşlıya
RESOLVE_INTERNAL	mevkidaş+lH+Yken	mevkidaşlıyken
RESOLVE_INTERNAL	mevkidaş+lH+DAn	mevkidaşlıdan
RESOLVE_INTERNAL	mevkidaş+lH+CH	mevkidaşlıcı
RESOLVE_INTERNAL	mevkidaş+lH+sH	mevkidaşlısı
RESOLVE_INTERNAL	mevkidaş+lH+vari	mevkidaşlıvari
RESOLVE_INTERNAL	mevkidaş+CH+lAr	mevkidaşçılar
RESOLVE_INTERNAL	mevkidaş+CH+HnHz	mevkidaşçınız
RESOLVE_INTERNAL	mevkidaş+CH+SH	mevkidaşçısı
RESOLVE_INTERNAL	mevkidaş+CH+NHn	mevkidaşçının
RESOLVE_INTERNAL	mevkidaş+CH+NCA	mevkidaşçınca
RESOLVE_INTERNAL	mevkidaş+CH+YH	mevkidaşçıyı
RESOLVE_INTERNAL	mevkidaş+CH+YA	mevkidaşçıya
RESOLVE_INTERNAL	mevkidaş+CH+Yken	mevkidaşçıyken
RESOLVE_INTERNAL	mevkidaş+CH+DAn	mevkidaşçıdan
RESOLVE_INTERNAL	mevkidaş+CH+sH	mevkidaşçısı
RESOLVE_INTERNAL	mevkidaş+CH+vari	mevkidaşçıvari
RESOLVE_INTERNAL	mevkidaş+DA+ki+lAr	mevkidaştakiler
RESOLVE_INTERNAL	mevkidaş+DA+ki+HnHz	mevkidaştakiniz
RESOLVE_INTERNAL	mevkidaş+DA+ki+SH	mevkidaştakisi
RESOLVE_INTERNAL	mevkidaş+DA+ki+NHn	mevkidaştakinin
RESOLVE_INTERNAL	mevkidaş+DA+ki+Yken	mevkidaştakiyken
RESOLVE_INTERNAL	mevkidaş+DA+ki+lAr+NHn+mHş+CAsHnA+YsA	mevkidaştakilerinmişçesineyse

RESOLVE_INTERNAL	anadut+lAr	anadutlar
RESOLVE_INTERNAL	anadut+HnHz	anadutunuz
RESOLVE_INTERNAL	anadut+SH	anadutu
RESOLVE_INTERNAL	anadut+NHn	anadutun
RESOLVE_INTERNAL	anadut+NCA	anadutça
RESOLVE_INTERNAL	anadut+YH	anadutu
RESOLVE_INTERNAL	anadut+YA	anaduta
RESOLVE_INTERNAL	anadut+Yken	anadutken
RESOLVE_INTERNAL	anadut+DAn	anaduttan
RESOLVE_INTERNAL	anadut+CH	anadutçu
RESOLVE_INTERNAL	anadut+sH	anadutsu
RESOLVE_INTERNAL	anadut+ist	anadutist
RESOLVE_INTERNAL	anadut+vari	anadutvari
RESOLVE_INTERNAL	anadut+lHk+lAr	anadutluklar
RESOLVE_INTERNAL	anadut+lHk+HnHz	anadutluğunuz
RESOLVE_INTERNAL	anadut+lHk+SH	anadutluğu
RESOLVE_INTERNAL	anadut+lHk+NHn	anadutluğun
RESOLVE_INTERNAL	anadut+lHk+NCA	anadutlukça
RESOLVE_INTERNAL	anadut+lHk+YH	anadutluğu
RESOLVE_INTERNAL	anadut+lHk+YA	anadutluğa
RESOLVE_INTERNAL	anadut+lHk+Yken	anadutlukken
RESOLVE_INTERNAL	anadut+lHk+DAn	anadutluktan
RESOLVE_INTERNAL	anadut+lHk+CH	anadutlukçu
RESOLVE_INTERNAL	anadut+lHk+sH	anadutluksu
RESOLVE_INTERNAL	anadut+lHk+vari	anadutlukvari
RESOLVE_INTERNAL	anadut+lH+lAr	anadutlular
RESOLVE_INTERNAL	anadut+lH+HnHz	anadutlunuz
RESOLVE_INTERNAL	anadut+lH+SH	anadutlusu
RESOLVE_INTERNAL	anadut+lH+NHn	anadutlunun
RESOLVE_INTERNAL	anadut+lH+NCA	anadutlunca
RESOLVE_INTERNAL	anadut+lH+YH	anadutluyu
RESOLVE_INTERNAL	anadut+lH+YA	anadutluya
RESOLVE_INTERNAL	anadut+lH+Yken	anadutluyken
RESOLVE_INTERNAL	anadut+lH+DAn	anadutludan
RESOLVE_INTERNAL	anadut+lH+CH	anadutlucu
RESOLVE_INTERNAL	anadut+lH+sH	anadutlusu
RESOLVE_INTERNAL	anadut+lH+vari	anadutluvari
RESOLVE_INTERNAL	anadut+CH+lAr	anadutçular
RESOLVE_INTERNAL	anadut+CH+HnHz	anadutçunuz
RESOLVE_INTERNAL	anadut+CH+SH	anadutçusu
RESOLVE_INTERNAL	anadut+CH+NHn	anadutçunun
RESOLVE_INTERNAL	anadut+CH+NCA	anadutçunca
RESOLVE_INTERNAL	anadut+CH+YH	anadutçuyu
RESOLVE_INTERNAL	anadut+CH+YA	anadutçuya
RESOLVE_INTERNAL	anadut+CH+Yken	anadutçuyken
RESOLVE_INTERNAL	anadut+CH+DAn	anadutçudan
RESOLVE_INTERNAL	anadut+CH+sH	anadutçusu
RESOLVE_INTERNAL	anadut+CH+vari	anadutçuvari
RESOLVE_INTERNAL	anadut+DA+ki+lAr	anaduttakiler
RESOLVE_INTERNAL	anadut+DA+ki+HnHz	anaduttakiniz
RESOLVE_INTERNAL	anadut+DA+ki+SH	anaduttakisi
RESOLVE_INTERNAL	anadut+DA+ki+NHn	anaduttakinin
RESOLVE_INTERNAL	anadut+DA+ki+Yken	anaduttakiyken
RESOLVE_INTERNAL	anadut+DA+ki+lAr+NHn+mHş+CAsHnA+YsA	anaduttakilerinmişçesineyse

RESOLVE_INTERNAL	torK+lAr	torklar
RESOLVE_INTERNAL	torK+HnHz	torkunuz
RESOLVE_INTERNAL	torK+SH	torku
RESOLVE_INTERNAL	torK+NHn	torkun
RESOLVE_INTERNAL	torK+NCA	torkça
RESOLVE_INTERNAL	torK+YH	torku
RESOLVE_INTERNAL	torK+YA	torka
RESOLVE_INTERNAL	torK+Yken	torkken
RESOLVE_INTERNAL	torK+DAn	torktan
RESOLVE_INTERNAL	torK+CH	torkçu
RESOLVE_INTERNAL	torK+sH	torksu
RESOLVE_INTERNAL	torK+ist	torkist
RESOLVE_INTERNAL	torK+vari	torkvari
RESOLVE_INTERNAL	torK+lHk+lAr	torkluklar
RESOLVE_INTERNAL	torK+lHk+HnHz	torkluğunuz
RESOLVE_INTERNAL	torK+lHk+SH	torkluğu
RESOLVE_INTERNAL	torK+lHk+NHn	torkluğun
RESOLVE_INTERNAL	torK+lHk+NCA	torklukça
RESOLVE_INTERNAL	torK+lHk+YH	torkluğu
RESOLVE_INTERNAL	torK+lHk+YA	torkluğa
RESOLVE_INTERNAL	torK+lHk+Yken	torklukken
RESOLVE_INTERNAL	torK+lHk+DAn	torkluktan
RESOLVE_INTERNAL	torK+lHk+CH	torklukçu
RESOLVE_INTERNAL	torK+lHk+sH	torkluksu
RESOLVE_INTERNAL	torK+lHk+vari	torklukvari
RESOLVE_INTERNAL	torK+lH+lAr	torklular
RESOLVE_INTERNAL	torK+lH+HnHz	torklunuz
RESOLVE_INTERNAL	torK+lH+SH	torklusu
RESOLVE_INTERNAL	torK+lH+NHn	torklunun
RESOLVE_INTERNAL	torK+lH+NCA	torklunca
RESOLVE_INTERNAL	torK+lH+YH	torkluyu
RESOLVE_INTERNAL	torK+lH+YA	torkluya
RESOLVE_INTERNAL	torK+lH+Yken	torkluyken
RESOLVE_INTERNAL	torK+lH+DAn	torkludan
RESOLVE_INTERNAL	torK+lH+CH	torklucu
RESOLVE_INTERNAL	torK+lH+sH	torklusu
RESOLVE_INTERNAL	torK+lH+vari	torkluvari
RESOLVE_INTERNAL	torK+CH+lAr	torkçular
RESOLVE_INTERNAL	torK+CH+HnHz	torkçunuz
RESOLVE_INTERNAL	torK+CH+SH	torkçusu
RESOLVE_INTERNAL	torK+CH+NHn	torkçunun
RESOLVE_INTERNAL	torK+CH+NCA	torkçunca
RESOLVE_INTERNAL	torK+CH+YH	torkçuyu
RESOLVE_INTERNAL	torK+CH+YA	torkçuya
RESOLVE_INTERNAL	torK+CH+Yken	torkçuyken
RESOLVE_INTERNAL	torK+CH+DAn	torkçudan
RESOLVE_INTERNAL	torK+CH+sH	torkçusu
RESOLVE_INTERNAL	torK+CH+vari	torkçuvari
RESOLVE_INTERNAL	torK+DA+ki+lAr	torktakiler
RESOLVE_INTERNAL	torK+DA+ki+HnHz	torktakiniz
RESOLVE_INTERNAL	torK+DA+ki+SH	torktakisi
RESOLVE_INTERNAL	torK+DA+ki+NHn	torktakinin
RESOLVE_INTERNAL	torK+DA+ki+Yken	torktakiyken
RESOLVE_INTERNAL	torK+DA+ki+lAr+NHn+mHş+CAsHnA+YsA	torktakilerinmişçesineyse

RESOLVE_INTERNAL	soliÇ+lAr	soliçler
RESOLVE_INTERNAL	soliÇ+HnHz	soliçiniz
RESOLVE_INTERNAL	soliÇ+SH	soliçi
RESOLVE_INTERNAL	soliÇ+NHn	soliçin
RESOLVE_INTERNAL	soliÇ+NCA	soliççe
RESOLVE_INTERNAL	soliÇ+YH	soliçi
RESOLVE_INTERNAL	soliÇ+YA	soliçe
RESOLVE_INTERNAL	soliÇ+Yken	soliçken
RESOLVE_INTERNAL	soliÇ+DAn	soliçten
RESOLVE_INTERNAL	soliÇ+CH	soliççi
RESOLVE_INTERNAL	soliÇ+sH	soliçsi
RESOLVE_INTERNAL	soliÇ+ist	soliçist
RESOLVE_INTERNAL	soliÇ+vari	soliçvari
RESOLVE_INTERNAL	soliÇ+lHk+lAr	soliçlikler
RESOLVE_INTERNAL	soliÇ+lHk+HnHz	soliçliğiniz
RESOLVE_INTERNAL	soliÇ+lHk+SH	soliçliği
RESOLVE_INTERNAL	soliÇ+lHk+NHn	soliçliğin
RESOLVE_INTERNAL	soliÇ+lHk+NCA	soliçlikçe
RESOLVE_INTERNAL	soliÇ+lHk+YH	soliçliği
RESOLVE_INTERNAL	soliÇ+lHk+YA	soliçliğe
RESOLVE_INTERNAL	soliÇ+lHk+Yken	soliçlikken
RESOLVE_INTERNAL	soliÇ+lHk+DAn	soliçlikten
RESOLVE_INTERNAL	soliÇ+lHk+CH	soliçlikçi
RESOLVE_INTERNAL	soliÇ+lHk+sH	soliçliksi
RESOLVE_INTERNAL	soliÇ+lHk+vari	soliçlikvari
RESOLVE_INTERNAL	soliÇ+lH+lAr	soliçliler
RESOLVE_INTERNAL	soliÇ+lH+HnHz	soliçliniz
RESOLVE_INTERNAL	soliÇ+lH+SH	soliçlisi
RESOLVE_INTERNAL	soliÇ+lH+NHn	soliçlinin
RESOLVE_INTERNAL	soliÇ+lH+NCA	soliçlince
RESOLVE_INTERNAL	soliÇ+lH+YH	soliçliyi
RESOLVE_INTERNAL	soliÇ+lH+YA	soliçliye
RESOLVE_INTERNAL	soliÇ+lH+Yken	soliçliyken
RESOLVE_INTERNAL	soliÇ+lH+DAn	soliçliden
RESOLVE_INTERNAL	soliÇ+lH+CH	soliçlici
RESOLVE_INTERNAL	soliÇ+lH+sH	soliçlisi
RESOLVE_INTERNAL	soliÇ+lH+vari	soliçlivari
RESOLVE_INTERNAL	soliÇ+CH+lAr	soliççiler
RESOLVE_INTERNAL	soliÇ+CH+HnHz	soliççiniz
RESOLVE_INTERNAL	soliÇ+CH+SH	soliççisi
RESOLVE_INTERNAL	soliÇ+CH+NHn	soliççinin
RESOLVE_INTERNAL	soliÇ+CH+NCA	soliççince
RESOLVE_INTERNAL	soliÇ+CH+YH	soliççiyi
RESOLVE_INTERNAL	soliÇ+CH+YA	soliççiye
RESOLVE_INTERNAL	soliÇ+CH+Yken	soliççiyken
RESOLVE_INTERNAL	soliÇ+CH+DAn	soliççiden
RESOLVE_INTERNAL	soliÇ+CH+sH	soliççisi
RESOLVE_INTERNAL	soliÇ+CH+vari	soliççivari
RESOLVE_INTERNAL	soliÇ+DA+ki+lAr	soliçtekiler
RESOLVE_INTERNAL	soliÇ+DA+ki+HnHz	soliçtekiniz
RESOLVE_INTERNAL	soliÇ+DA+ki+SH	soliçtekisi
RESOLVE_INTERNAL	soliÇ+DA+ki+NHn	soliçtekinin
RESOLVE_INTERNAL	soliÇ+DA+ki+Yken	soliçtekiyken
RESOLVE_INTERNAL	soliÇ+DA+ki+lAr+NHn+mHş+CAsHnA+YsA	soliçtekilerinmişçesineyse

RESOLVE_INTERNAL	yurt~+lAr	yurtlar
RESOLVE_INTERNAL	yurt~+HnHz	yurdunuz
RESOLVE_INTERNAL	yurt~+SH	yurdu
RESOLVE_INTERNAL	yurt~+NHn	yurdun
RESOLVE_INTERNAL	yurt~+NCA	yurtça
RESOLVE_INTERNAL	yurt~+YH	yurdu
RESOLVE_INTERNAL	yurt~+YA	yurda
RESOLVE_INTERNAL	yurt~+Yken	yurtken
RESOLVE_INTERNAL	yurt~+DAn	yurttan
RESOLVE_INTERNAL	yurt~+CH	yurtçu
RESOLVE_INTERNAL	yurt~+sH	yurtsu
RESOLVE_INTERNAL	yurt~+ist	yurtist
RESOLVE_INTERNAL	yurt~+vari	yurtvari
RESOLVE_INTERNAL	yurt~+lHk+lAr	yurtluklar
RESOLVE_INTERNAL	yurt~+lHk+HnHz	yurtluğunuz
RESOLVE_INTERNAL	yurt~+lHk+SH	yurtluğu
RESOLVE_INTERNAL	yurt~+lHk+NHn	yurtluğun
RESOLVE_INTERNAL	yurt~+lHk+NCA	yurtlukça
RESOLVE_INTERNAL	yurt~+lHk+YH	yurtluğu
RESOLVE_INTERNAL	yurt~+lHk+YA	yurtluğa
RESOLVE_INTERNAL	yurt~+lHk+Yken	yurtlukken
RESOLVE_INTERNAL	yurt~+lHk+DAn	yurtluktan
RESOLVE_INTERNAL	yurt~+lHk+CH	yurtlukçu
RESOLVE_INTERNAL	yurt~+lHk+sH	yurtluksu
RESOLVE_INTERNAL	yurt~+lHk+vari	yurtlukvari
RESOLVE_INTERNAL	yurt~+lH+lAr	yurtlular
RESOLVE_INTERNAL	yurt~+lH+HnHz	yurtlunuz
RESOLVE_INTERNAL	yurt~+lH+SH	yurtlusu
RESOLVE_INTERNAL	yurt~+lH+NHn	yurtlunun
RESOLVE_INTERNAL	yurt~+lH+NCA	yurtlunca
RESOLVE_INTERNAL	yurt~+lH+YH	yurtluyu
RESOLVE_INTERNAL	yurt~+lH+YA	yurtluya
RESOLVE_INTERNAL	yurt~+lH+Yken	yurtluyken
RESOLVE_INTERNAL	yurt~+lH+DAn	yurtludan
RESOLVE_INTERNAL	yurt~+lH+CH	yurtlucu
RESOLVE_INTERNAL	yurt~+lH+sH	yurtlusu
RESOLVE_INTERNAL	yurt~+lH+vari	yurtluvari
RESOLVE_INTERNAL	yurt~+CH+lAr	yurtçular
RESOLVE_INTERNAL	yurt~+CH+HnHz	yurtçunuz
RESOLVE_INTERNAL	yurt~+CH+SH	yurtçusu
RESOLVE_INTERNAL	yurt~+CH+NHn	yurtçunun
RESOLVE_INTERNAL	yurt~+CH+NCA	yurtçunca
RESOLVE_INTERNAL	yurt~+CH+YH	yurtçuyu
RESOLVE_INTERNAL	yurt~+CH+YA	yurtçuya
RESOLVE_INTERNAL	yurt~+CH+Yken	yurtçuyken
RESOLVE_INTERNAL	yurt~+CH+DAn	yurtçudan
RESOLVE_INTERNAL	yurt~+CH+sH	yurtçusu
RESOLVE_INTERNAL	yurt~+CH+vari	yurtçuvari
RESOLVE_INTERNAL	yurt~+DA+ki+lAr	yurttakiler
RESOLVE_INTERNAL	yurt~+DA+ki+HnHz	yurttakiniz
RESOLVE_INTERNAL	yurt~+DA+ki+SH	yurttakisi
RESOLVE_INTERNAL	yurt~+DA+ki+NHn	yurttakinin
RESOLVE_INTERNAL	yurt~+DA+ki+Yken	yurttakiyken
RESOLVE_INTERNAL	yurt~+DA+ki+lAr+NHn+mHş+CAsHnA+YsA	yurttakilerinmişçesineyse

RESOLVE_INTERNAL	h{d"+lAr	hadler
RESOLVE_INTERNAL	h{d"+HnHz	haddiniz
RESOLVE_INTERNAL	h{d"+SH	haddi
RESOLVE_INTERNAL	h{d"+NHn	haddin
RESOLVE_INTERNAL	h{d"+NCA	hadce
RESOLVE_INTERNAL	h{d"+YH	haddi
RESOLVE_INTERNAL	h{d"+YA	hadde
RESOLVE_INTERNAL	h{d"+Yken	hadken
RESOLVE_INTERNAL	h{d"+DAn	hadden
RESOLVE_INTERNAL	h{d"+CH	hadci
RESOLVE_INTERNAL	h{d"+sH	hadsi
RESOLVE_INTERNAL	h{d"+ist	hadist
RESOLVE_INTERNAL	h{d"+vari	hadvari
RESOLVE_INTERNAL	h{d"+lHk+lAr	hadlikler
RESOLVE_INTERNAL	h{d"+lHk+HnHz	hadliğiniz
RESOLVE_INTERNAL	h{d"+lHk+SH	hadliği
RESOLVE_INTERNAL	h{d"+lHk+NHn	hadliğin
RESOLVE_INTERNAL	h{d"+lHk+NCA	hadlikçe
RESOLVE_INTERNAL	h{d"+lHk+YH	hadliği
RESOLVE_INTERNAL	h{d"+lHk+YA	hadliğe
RESOLVE_INTERNAL	h{d"+lHk+Yken	hadlikken
RESOLVE_INTERNAL	h{d"+lHk+DAn	hadlikten
RESOLVE_INTERNAL	h{d"+lHk+CH	hadlikçi
RESOLVE_INTERNAL	h{d"+lHk+sH	hadliksi
RESOLVE_INTERNAL	h{d"+lHk+vari	hadlikvari
RESOLVE_INTERNAL	h{d"+lH+lAr	hadliler
RESOLVE_INTERNAL	h{d"+lH+HnHz	hadliniz
RESOLVE_INTERNAL	h{d"+lH+SH	hadlisi
RESOLVE_INTERNAL	h{d"+lH+NHn	hadlinin
RESOLVE_INTERNAL	h{d"+lH+NCA	hadlince
RESOLVE_INTERNAL	h{d"+lH+YH	hadliyi
RESOLVE_INTERNAL	h{d"+lH+YA	hadliye
RESOLVE_INTERNAL	h{d"+lH+Yken	hadliyken
RESOLVE_INTERNAL	h{d"+lH+DAn	hadliden
RESOLVE_INTERNAL	h{d"+lH+CH	hadlici
RESOLVE_INTERNAL	h{d"+lH+sH	hadlisi
RESOLVE_INTERNAL	h{d"+lH+vari	hadlivari
RESOLVE_INTERNAL	h{d"+CH+lAr	hadciler
RESOLVE_INTERNAL	h{d"+CH+HnHz	hadciniz
RESOLVE_INTERNAL	h{d"+CH+SH	hadcisi
RESOLVE_INTERNAL	h{d"+CH+NHn	hadcinin
RESOLVE_INTERNAL	h{d"+CH+NCA	hadcince
RESOLVE_INTERNAL	h{d"+CH+YH	hadciyi
RESOLVE_INTERNAL	h{d"+CH+YA	hadciye
RESOLVE_INTERNAL	h{d"+CH+Yken	hadciyken
RESOLVE_INTERNAL	h{d"+CH+DAn	hadciden
RESOLVE_INTERNAL	h{d"+CH+sH	hadcisi
RESOLVE_INTERNAL	h{d"+CH+vari	hadcivari
RESOLVE_INTERNAL	h{d"+DA+ki+lAr	haddekiler
RESOLVE_INTERNAL	h{d"+DA+ki+HnHz	haddekiniz
RESOLVE_INTERNAL	h{d"+DA+ki+SH	haddekisi
RESOLVE_INTERNAL	h{d"+DA+ki+NHn	haddekinin
RESOLVE_INTERNAL	h{d"+DA+ki+Yken	haddekiyken
RESOLVE_INTERNAL	h{d"+DA+ki+lAr+NHn+mHş+CAsHnA+YsA	haddekilerinmişçesineyse

RESOLVE_INTERNAL	tatlısu^+lAr	tatlısular
RESOLVE_INTERNAL	tatlısu^+HnHz	tatlısuyunuz
RESOLVE_INTERNAL	tatlısu^+SH	tatlısuyu
RESOLVE_INTERNAL	tatlısu^+NHn	tatlısuyun
RESOLVE_INTERNAL	tatlısu^+NCA	tatlısuyca
RESOLVE_INTERNAL	tatlısu^+YH	tatlısuyu
RESOLVE_INTERNAL	tatlısu^+YA	tatlısuya
RESOLVE_INTERNAL	tatlısu^+Yken	tatlısuyken
RESOLVE_INTERNAL	tatlısu^+DAn	tatlısudan
RESOLVE_INTERNAL	tatlısu^+CH	tatlısucu
RESOLVE_INTERNAL	tatlısu^+sH	tatlısusu
RESOLVE_INTERNAL	tatlısu^+ist	tatlısuist
RESOLVE_INTERNAL	tatlısu^+vari	tatlısuvari
RESOLVE_INTERNAL	tatlısu^+lHk+lAr	tatlısuluklar
RESOLVE_INTERNAL	tatlısu^+lHk+HnHz	tatlısuluğunuz
RESOLVE_INTERNAL	tatlısu^+lHk+SH	tatlısuluğu
RESOLVE_INTERNAL	tatlısu^+lHk+NHn	tatlısuluğun
RESOLVE_INTERNAL	tatlısu^+lHk+NCA	tatlısulukça
RESOLVE_INTERNAL	tatlısu^+lHk+YH	tatlısuluğu
RESOLVE_INTERNAL	tatlısu^+lHk+YA	tatlısuluğa
RESOLVE_INTERNAL	tatlısu^+lHk+Yken	tatlısulukken
RESOLVE_INTERNAL	tatlısu^+lHk+DAn	tatlısuluktan
RESOLVE_INTERNAL	tatlısu^+lHk+CH	tatlısulukçu
RESOLVE_INTERNAL	tatlısu^+lHk+sH	tatlısuluksu
RESOLVE_INTERNAL	tatlısu^+lHk+vari	tatlısulukvari
RESOLVE_INTERNAL	tatlısu^+lH+lAr	tatlısulular
RESOLVE_INTERNAL	tatlısu^+lH+HnHz	tatlısulunuz
RESOLVE_INTERNAL	tatlısu^+lH+SH	tatlısulusu
RESOLVE_INTERNAL	tatlısu^+lH+NHn	tatlısulunun
RESOLVE_INTERNAL	tatlısu^+lH+NCA	tatlısulunca
RESOLVE_INTERNAL	tatlısu^+lH+YH	tatlısuluyu
RESOLVE_INTERNAL	tatlısu^+lH+YA	tatlısuluya
RESOLVE_INTERNAL	tatlısu^+lH+Yken	tatlısuluyken
RESOLVE_INTERNAL	tatlısu^+lH+DAn	tatlısuludan
RESOLVE_INTERNAL	tatlısu^+lH+CH	tatlısulucu
RESOLVE_INTERNAL	tatlısu^+lH+sH	tatlısulusu
RESOLVE_INTERNAL	tatlısu^+lH+vari	tatlısuluvari
RESOLVE_INTERNAL	tatlısu^+CH+lAr	tatlısucular
RESOLVE_INTERNAL	tatlısu^+CH+HnHz	tatlısucunuz
RESOLVE_INTERNAL	tatlısu^+CH+SH	tatlısucusu
RESOLVE_INTERNAL	tatlısu^+CH+NHn	tatlısucunun
RESOLVE_INTERNAL	tatlısu^+CH+NCA	tatlısucunca
RESOLVE_INTERNAL	tatlısu^+CH+YH	tatlısucuyu
RESOLVE_INTERNAL	tatlısu^+CH+YA	tatlısucuya
RESOLVE_INTERNAL	tatlısu^+CH+Yken	tatlısucuyken
RESOLVE_INTERNAL	tatlısu^+CH+DAn	tatlısucudan
RESOLVE_INTERNAL	tatlısu^+CH+sH	tatlısucusu
RESOLVE_INTERNAL	tatlısu^+CH+vari	tatlısucuvari
RESOLVE_INTERNAL	tatlısu^+DA+ki+lAr	tatlısudakiler
RESOLVE_INTERNAL	tatlısu^+DA+ki+HnHz	tatlısudakiniz
RESOLVE_INTERNAL	tatlısu^+DA+ki+SH	tatlısudakisi
RESOLVE_INTERNAL	tatlısu^+DA+ki+NHn	tatlısudakinin
RESOLVE_INTERNAL	tatlısu^+DA+ki+Yken	tatlısudakiyken
RESOLVE_INTERNAL	tatlısu^+DA+ki+lAr+NHn+mHş+CAsHnA+YsA	tatlısudakilerinmişçesineyse

RESOLVE_INTERNAL	fle%l+lAr	fleoller
RESOLVE_INTERNAL	fle%l+HnHz	fleolünüz
RESOLVE_INTERNAL	fle%l+SH	fleolü
RESOLVE_INTERNAL	fle%l+NHn	fleolün
RESOLVE_INTERNAL	fle%l+NCA	fleolce
RESOLVE_INTERNAL	fle%l+YH	fleolü
RESOLVE_INTERNAL	fle%l+YA	fleole
RESOLVE_INTERNAL	fle%l+Yken	fleolken
RESOLVE_INTERNAL	fle%l+DAn	fleolden
RESOLVE_INTERNAL	fle%l+CH	fleolcü
RESOLVE_INTERNAL	fle%l+sH	fleolsü
RESOLVE_INTERNAL	fle%l+ist	fleolist
RESOLVE_INTERNAL	fle%l+vari	fleolvari
RESOLVE_INTERNAL	fle%l+lHk+lAr	fleollükler
RESOLVE_INTERNAL	fle%l+lHk+HnHz	fleollüğünüz
RESOLVE_INTERNAL	fle%l+lHk+SH	fleollüğü
RESOLVE_INTERNAL	fle%l+lHk+NHn	fleollüğün
RESOLVE_INTERNAL	fle%l+lHk+NCA	fleollükçe
RESOLVE_INTERNAL	fle%l+lHk+YH	fleollüğü
RESOLVE_INTERNAL	fle%l+lHk+YA	fleollüğe
RESOLVE_INTERNAL	fle%l+lHk+Yken	fleollükken
RESOLVE_INTERNAL	fle%l+lHk+DAn	fleollükten
RESOLVE_INTERNAL	fle%l+lHk+CH	fleollükçü
RESOLVE_INTERNAL	fle%l+lHk+sH	fleollüksü
RESOLVE_INTERNAL	fle%l+lHk+vari	fleollükvari
RESOLVE_INTERNAL	fle%l+lH+lAr	fleollüler
RESOLVE_INTERNAL	fle%l+lH+HnHz	fleollünüz
RESOLVE_INTERNAL	fle%l+lH+SH	fleollüsü
RESOLVE_INTERNAL	fle%l+lH+NHn	fleollünün
RESOLVE_INTERNAL	fle%l+lH+NCA	fleollünce
RESOLVE_INTERNAL	fle%l+lH+YH	fleollüyü
RESOLVE_INTERNAL	fle%l+lH+YA	fleollüye
RESOLVE_INTERNAL	fle%l+lH+Yken	fleollüyken
RESOLVE_INTERNAL	fle%l+lH+DAn	fleollüden
RESOLVE_INTERNAL	fle%l+lH+CH	fleollücü
RESOLVE_INTERNAL	fle%l+lH+sH	fleollüsü
RESOLVE_INTERNAL	fle%l+lH+vari	fleollüvari
RESOLVE_INTERNAL	fle%l+CH+lAr	fleolcüler
RESOLVE_INTERNAL	fle%l+CH+HnHz	fleolcünüz
RESOLVE_INTERNAL	fle%l+CH+SH	fleolcüsü
RESOLVE_INTERNAL	fle%l+CH+NHn	fleolcünün
RESOLVE_INTERNAL	fle%l+CH+NCA	fleolcünce
RESOLVE_INTERNAL	fle%l+CH+YH	fleolcüyü
RESOLVE_INTERNAL	fle%l+CH+YA	fleolcüye
RESOLVE_INTERNAL	fle%l+CH+Yken	fleolcüyken
RESOLVE_INTERNAL	fle%l+CH+DAn	fleolcüden
RESOLVE_INTERNAL	fle%l+CH+sH	fleolcüsü
RESOLVE_INTERNAL	fle%l+CH+vari	fleolcüvari
RESOLVE_INTERNAL	fle%l+DA+ki+lAr	fleoldekiler
RESOLVE_INTERNAL	fle%l+DA+ki+HnHz	fleoldekiniz
RESOLVE_INTERNAL	fle%l+DA+ki+SH	fleoldekisi
RESOLVE_INTERNAL	fle%l+DA+ki+NHn	fleoldekinin
RESOLVE_INTERNAL	fle%l+DA+ki+Yken	fleoldekiyken
RESOLVE_INTERNAL	fle%l+DA+ki+lAr+NHn+mHş+CAsHnA+YsA	fleoldekilerinmişçesineyse

RESOLVE_INTERNAL	me{l+lAr	mealler
RESOLVE_INTERNAL	me{l+HnHz	mealiniz
RESOLVE_INTERNAL	me{l+SH	meali
RESOLVE_INTERNAL	me{l+NHn	mealin
RESOLVE_INTERNAL	me{l+NCA	mealce
RESOLVE_INTERNAL	me{l+YH	meali
RESOLVE_INTERNAL	me{l+YA	meale
RESOLVE_INTERNAL	me{l+Yken	mealken
RESOLVE_INTERNAL	me{l+DAn	mealden
RESOLVE_INTERNAL	me{l+CH	mealci
RESOLVE_INTERNAL	me{l+sH	mealsi
RESOLVE_INTERNAL	me{l+ist	mealist
RESOLVE_INTERNAL	me{l+vari	mealvari
RESOLVE_INTERNAL	me{l+lHk+lAr	meallikler
RESOLVE_INTERNAL	me{l+lHk+HnHz	mealliğiniz
RESOLVE_INTERNAL	me{l+lHk+SH	mealliği
RESOLVE_INTERNAL	me{l+lHk+NHn	mealliğin
RESOLVE_INTERNAL	me{l+lHk+NCA	meallikçe
RESOLVE_INTERNAL	me{l+lHk+YH	mealliği
RESOLVE_INTERNAL	me{l+lHk+YA	mealliğe
RESOLVE_INTERNAL	me{l+lHk+Yken	meallikken
RESOLVE_INTERNAL	me{l+lHk+DAn	meallikten
RESOLVE_INTERNAL	me{l+lHk+CH	meallikçi
RESOLVE_INTERNAL	me{l+lHk+sH	mealliksi
RESOLVE_INTERNAL	me{l+lHk+vari	meallikvari
RESOLVE_INTERNAL	me{l+lH+lAr	mealliler
RESOLVE_INTERNAL	me{l+lH+HnHz	mealliniz
RESOLVE_INTERNAL	me{l+lH+SH	meallisi
RESOLVE_INTERNAL	me{l+lH+NHn	meallinin
RESOLVE_INTERNAL	me{l+lH+NCA	meallince
RESOLVE_INTERNAL	me{l+lH+YH	mealliyi
RESOLVE_INTERNAL	me{l+lH+YA	mealliye
RESOLVE_INTERNAL	me{l+lH+Yken	mealliyken
RESOLVE_INTERNAL	me{l+lH+DAn	mealliden
RESOLVE_INTERNAL	me{l+lH+CH	meallici
RESOLVE_INTERNAL	me{l+lH+sH	meallisi
RESOLVE_INTERNAL	me{l+lH+vari	meallivari
RESOLVE_INTERNAL	me{l+CH+lAr	mealciler
RESOLVE_INTERNAL	me{l+CH+HnHz	mealciniz
RESOLVE_INTERNAL	me{l+CH+SH	mealcisi
RESOLVE_INTERNAL	me{l+CH+NHn	mealcinin
RESOLVE_INTERNAL	me{l+CH+NCA	mealcince
RESOLVE_INTERNAL	me{l+CH+YH	mealciyi
RESOLVE_INTERNAL	me{l+CH+YA	mealciye
RESOLVE_INTERNAL	me{l+CH+Yken	mealciyken
RESOLVE_INTERNAL	me{l+CH+DAn	mealciden
RESOLVE_INTERNAL	me{l+CH+sH	mealcisi
RESOLVE_INTERNAL	me{l+CH+vari	mealcivari
RESOLVE_INTERNAL	me{l+DA+ki+lAr	mealdekiler
RESOLVE_INTERNAL	me{l+DA+ki+HnHz	mealdekiniz
RESOLVE_INTERNAL	me{l+DA+ki+SH	mealdekisi
RESOLVE_INTERNAL	me{l+DA+ki+NHn	mealdekinin
RESOLVE_INTERNAL	me{l+DA+ki+Yken	mealdekiyken
RESOLVE_INTERNAL	me{l+DA+ki+lAr+NHn+mHş+CAsHnA+YsA	mealdekilerinmişçesineyse

RESOLVE_INTERNAL	f}l+lAr	fuller
RESOLVE_INTERNAL	f}l+HnHz	fulünüz
RESOLVE_INTERNAL	f}l+SH	fulü
RESOLVE_INTERNAL	f}l+NHn	fulün
RESOLVE_INTERNAL	f}l+NCA	fulce
RESOLVE_INTERNAL	f}l+YH	fulü
RESOLVE_INTERNAL	f}l+YA	fule
RESOLVE_INTERNAL	f}l+Yken	fulken
RESOLVE_INTERNAL	f}l+DAn	fulden
RESOLVE_INTERNAL	f}l+CH	fulcü
RESOLVE_INTERNAL	f}l+sH	fulsü
RESOLVE_INTERNAL	f}l+ist	fulist
RESOLVE_INTERNAL	f}l+vari	fulvari
RESOLVE_INTERNAL	f}l+lHk+lAr	fullükler
RESOLVE_INTERNAL	f}l+lHk+HnHz	fullüğünüz
RESOLVE_INTERNAL	f}l+lHk+SH	fullüğü
RESOLVE_INTERNAL	f}l+lHk+NHn	fullüğün
RESOLVE_INTERNAL	f}l+lHk+NCA	fullükçe
RESOLVE_INTERNAL	f}l+lHk+YH	fullüğü
RESOLVE_INTERNAL	f}l+lHk+YA	fullüğe
RESOLVE_INTERNAL	f}l+lHk+Yken	fullükken
RESOLVE_INTERNAL	f}l+lHk+DAn	fullükten
RESOLVE_INTERNAL	f}l+lHk+CH	fullükçü
RESOLVE_INTERNAL	f}l+lHk+sH	fullüksü
RESOLVE_INTERNAL	f}l+lHk+vari	fullükvari
RESOLVE_INTERNAL	f}l+lH+lAr	fullüler
RESOLVE_INTERNAL	f}l+lH+HnHz	fullünüz
RESOLVE_INTERNAL	f}l+lH+SH	fullüsü
RESOLVE_INTERNAL	f}l+lH+NHn	fullünün
RESOLVE_INTERNAL	f}l+lH+NCA	fullünce
RESOLVE_INTERNAL	f}l+lH+YH	fullüyü
RESOLVE_INTERNAL	f}l+lH+YA	fullüye
RESOLVE_INTERNAL	f}l+lH+Yken	fullüyken
RESOLVE_INTERNAL	f}l+lH+DAn	fullüden
RESOLVE_INTERNAL	f}l+lH+CH	fullücü
RESOLVE_INTERNAL	f}l+lH+sH	fullüsü
RESOLVE_INTERNAL	f}l+lH+vari	fullüvari
RESOLVE_INTERNAL	f}l+CH+lAr	fulcüler
RESOLVE_INTERNAL	f}l+CH+HnHz	fulcünüz
RESOLVE_INTERNAL	f}l+CH+SH	fulcüsü
RESOLVE_INTERNAL	f}l+CH+NHn	fulcünün
RESOLVE_INTERNAL	f}l+CH+NCA	fulcünce
RESOLVE_INTERNAL	f}l+CH+YH	fulcüyü
RESOLVE_INTERNAL	f}l+CH+YA	fulcüye
RESOLVE_INTERNAL	f}l+CH+Yken	fulcüyken
RESOLVE_INTERNAL	f}l+CH+DAn	fulcüden
RESOLVE_INTERNAL	f}l+CH+sH	fulcüsü
RESOLVE_INTERNAL	f}l+CH+vari	fulcüvari
RESOLVE_INTERNAL	f}l+DA+ki+lAr	fuldekiler
RESOLVE_INTERNAL	f}l+DA+ki+HnHz	fuldekiniz
RESOLVE_INTERNAL	f}l+DA+ki+SH	fuldekisi
RESOLVE_INTERNAL	f}l+DA+ki+NHn	fuldekinin
RESOLVE_INTERNAL	f}l+DA+ki+Yken	fuldekiyken
RESOLVE_INTERNAL	f}l+DA+ki+lAr+NHn+mHş+CAsHnA+YsA	fuldekilerinmişçesineyse

RESOLVE_INTERNAL	mis[l+lAr	misâller
RESOLVE_INTERNAL	mis[l+HnHz	misâliniz
RESOLVE_INTERNAL	mis[l+SH	misâli
RESOLVE_INTERNAL	mis[l+NHn	misâlin
RESOLVE_INTERNAL	mis[l+NCA	misâlce
RESOLVE_INTERNAL	mis[l+YH	misâli
RESOLVE_INTERNAL	mis[l+YA	misâle
RESOLVE_INTERNAL	mis[l+Yken	misâlken
RESOLVE_INTERNAL	mis[l+DAn	misâlden
RESOLVE_INTERNAL	mis[l+CH	misâlci
RESOLVE_INTERNAL	mis[l+sH	misâlsi
RESOLVE_INTERNAL	mis[l+ist	misâlist
RESOLVE_INTERNAL	mis[l+vari	misâlvari
RESOLVE_INTERNAL	mis[l+lHk+lAr	misâllikler
RESOLVE_INTERNAL	mis[l+lHk+HnHz	misâlliğiniz
RESOLVE_INTERNAL	mis[l+lHk+SH	misâlliği
RESOLVE_INTERNAL	mis[l+lHk+NHn	misâlliğin
RESOLVE_INTERNAL	mis[l+lHk+NCA	misâllikçe
RESOLVE_INTERNAL	mis[l+lHk+YH	misâlliği
RESOLVE_INTERNAL	mis[l+lHk+YA	misâlliğe
RESOLVE_INTERNAL	mis[l+lHk+Yken	misâllikken
RESOLVE_INTERNAL	mis[l+lHk+DAn	misâllikten
RESOLVE_INTERNAL	mis[l+lHk+CH	misâllikçi
RESOLVE_INTERNAL	mis[l+lHk+sH	misâlliksi
RESOLVE_INTERNAL	mis[l+lHk+vari	misâllikvari
RESOLVE_INTERNAL	mis[l+lH+lAr	misâlliler
RESOLVE_INTERNAL	mis[l+lH+HnHz	misâlliniz
RESOLVE_INTERNAL	mis[l+lH+SH	misâllisi
RESOLVE_INTERNAL	mis[l+lH+NHn	misâllinin
RESOLVE_INTERNAL	mis[l+lH+NCA	misâllince
RESOLVE_INTERNAL	mis[l+lH+YH	misâlliyi
RESOLVE_INTERNAL	mis[l+lH+YA	misâlliye
RESOLVE_INTERNAL	mis[l+lH+Yken	misâlliyken
RESOLVE_INTERNAL	mis[l+lH+DAn	misâlliden
RESOLVE_INTERNAL	mis[l+lH+CH	misâllici
RESOLVE_INTERNAL	mis[l+lH+sH	misâllisi
RESOLVE_INTERNAL	mis[l+lH+vari	misâllivari
RESOLVE_INTERNAL	mis[l+CH+lAr	misâlciler
RESOLVE_INTERNAL	mis[l+CH+HnHz	misâlciniz
RESOLVE_INTERNAL	mis[l+CH+SH	misâlcisi
RESOLVE_INTERNAL	mis[l+CH+NHn	misâlcinin
RESOLVE_INTERNAL	mis[l+CH+NCA	misâlcince
RESOLVE_INTERNAL	mis[l+CH+YH	misâlciyi
RESOLVE_INTERNAL	mis[l+CH+YA	misâlciye
RESOLVE_INTERNAL	mis[l+CH+Yken	misâlciyken
RESOLVE_INTERNAL	mis[l+CH+DAn	misâlciden
RESOLVE_INTERNAL	mis[l+CH+sH	misâlcisi
RESOLVE_INTERNAL	mis[l+CH+vari	misâlcivari
RESOLVE_INTERNAL	mis[l+DA+ki+lAr	misâldekiler
RESOLVE_INTERNAL	mis[l+DA+ki+HnHz	misâldekiniz
RESOLVE_INTERNAL	mis[l+DA+ki+SH	misâldekisi
RESOLVE_INTERNAL	mis[l+DA+ki+NHn	misâldekinin
RESOLVE_INTERNAL	mis[l+DA+ki+Yken	misâldekiyken
RESOLVE_INTERNAL	mis[l+DA+ki+lAr+NHn+mHş+CAsHnA+YsA	misâldekilerinmişçesineyse

RESOLVE_INTERNAL	ağı?z+lAr	ağızlar
RESOLVE_INTERNAL	ağı?z+HnHz	ağzınız
RESOLVE_INTERNAL	ağı?z+SH	ağzı
RESOLVE_INTERNAL	ağı?z+NHn	ağzın
RESOLVE_INTERNAL	ağı?z+NCA	ağızca
RESOLVE_INTERNAL	ağı?z+YH	ağzı
RESOLVE_INTERNAL	ağı?z+YA	ağza
RESOLVE_INTERNAL	ağı?z+Yken	ağızken
RESOLVE_INTERNAL	ağı?z+DAn	ağızdan
RESOLVE_INTERNAL	ağı?z+CH	ağızcı
RESOLVE_INTERNAL	ağı?z+sH	ağızsı
RESOLVE_INTERNAL	ağı?z+ist	ağızist
RESOLVE_INTERNAL	ağı?z+vari	ağızvari
RESOLVE_INTERNAL	ağı?z+lHk+lAr	ağızlıklar
RESOLVE_INTERNAL	ağı?z+lHk+HnHz	ağızlığınız
RESOLVE_INTERNAL	ağı?z+lHk+SH	ağızlığı
RESOLVE_INTERNAL	ağı?z+lHk+NHn	ağızlığın
RESOLVE_INTERNAL	ağı?z+lHk+NCA	ağızlıkça
RESOLVE_INTERNAL	ağı?z+lHk+YH	ağızlığı
RESOLVE_INTERNAL	ağı?z+lHk+YA	ağızlığa
RESOLVE_INTERNAL	ağı?z+lHk+Yken	ağızlıkken
RESOLVE_INTERNAL	ağı?z+lHk+DAn	ağızlıktan
RESOLVE_INTERNAL	ağı?z+lHk+CH	ağızlıkçı
RESOLVE_INTERNAL	ağı?z+lHk+sH	ağızlıksı
RESOLVE_INTERNAL	ağı?z+lHk+vari	ağızlıkvari
RESOLVE_INTERNAL	ağı?z+lH+lAr	ağızlılar
RESOLVE_INTERNAL	ağı?z+lH+HnHz	ağızlınız
RESOLVE_INTERNAL	ağı?z+lH+SH	ağızlısı
RESOLVE_INTERNAL	ağı?z+lH+NHn	ağızlının
RESOLVE_INTERNAL	ağı?z+lH+NCA	ağızlınca
RESOLVE_INTERNAL	ağı?z+lH+YH	ağızlıyı
RESOLVE_INTERNAL	ağı?z+lH+YA	ağızlıya
RESOLVE_INTERNAL	ağı?z+lH+Yken	ağızlıyken
RESOLVE_INTERNAL	ağı?z+lH+DAn	ağızlıdan
RESOLVE_INTERNAL	ağı?z+lH+CH	ağızlıcı
RESOLVE_INTERNAL	ağı?z+lH+sH	ağızlısı
RESOLVE_INTERNAL	ağı?z+lH+vari	ağızlıvari
RESOLVE_INTERNAL	ağı?z+CH+lAr	ağızcılar
RESOLVE_INTERNAL	ağı?z+CH+HnHz	ağızcınız
RESOLVE_INTERNAL	ağı?z+CH+SH	ağızcısı
RESOLVE_INTERNAL	ağı?z+CH+NHn	ağızcının
RESOLVE_INTERNAL	ağı?z+CH+NCA	ağızcınca
RESOLVE_INTERNAL	ağı?z+CH+YH	ağızcıyı
RESOLVE_INTERNAL	ağı?z+CH+YA	ağızcıya
RESOLVE_INTERNAL	ağı?z+CH+Yken	ağızcıyken
RESOLVE_INTERNAL	ağı?z+CH+DAn	ağızcıdan
RESOLVE_INTERNAL	ağı?z+CH+sH	ağızcısı
RESOLVE_INTERNAL	ağı?z+CH+vari	ağızcıvari
RESOLVE_INTERNAL	ağı?z+DA+ki+lAr	ağızdakiler
RESOLVE_INTERNAL	ağı?z+DA+ki+HnHz	ağızdakiniz
RESOLVE_INTERNAL	ağı?z+DA+ki+SH	ağızdakisi
RESOLVE_INTERNAL	ağı?z+DA+ki+NHn	ağızdakinin
RESOLVE_INTERNAL	ağı?z+DA+ki+Yken	ağızdakiyken
RESOLVE_INTERNAL	ağı?z+DA+ki+lAr+NHn+mHş+CAsHnA+YsA	ağızdakilerinmişçesineyse

RESOLVE_INTERNAL	tıp~"+lAr	tıplar
RESOLVE_INTERNAL	tıp~"+HnHz	tıbbınız
RESOLVE_INTERNAL	tıp~"+SH	tıbbı
RESOLVE_INTERNAL	tıp~"+NHn	tıbbın
RESOLVE_INTERNAL	tıp~"+NCA	tıpça
RESOLVE_INTERNAL	tıp~"+YH	tıbbı
RESOLVE_INTERNAL	tıp~"+YA	tıbba
RESOLVE_INTERNAL	tıp~"+Yken	tıpken
RESOLVE_INTERNAL	tıp~"+DAn	tıptan
RESOLVE_INTERNAL	tıp~"+CH	tıpçı
RESOLVE_INTERNAL	tıp~"+sH	tıpsı
RESOLVE_INTERNAL	tıp~"+ist	tıpist
RESOLVE_INTERNAL	tıp~"+vari	tıpvari
RESOLVE_INTERNAL	tıp~"+lHk+lAr	tıplıklar
RESOLVE_INTERNAL	tıp~"+lHk+HnHz	tıplığınız
RESOLVE_INTERNAL	tıp~"+lHk+SH	tıplığı
RESOLVE_INTERNAL	tıp~"+lHk+NHn	tıplığın
RESOLVE_INTERNAL	tıp~"+lHk+NCA	tıplıkça
RESOLVE_INTERNAL	tıp~"+lHk+YH	tıplığı
RESOLVE_INTERNAL	tıp~"+lHk+YA	tıplığa
RESOLVE_INTERNAL	tıp~"+lHk+Yken	tıplıkken
RESOLVE_INTERNAL	tıp~"+lHk+DAn	tıplıktan
RESOLVE_INTERNAL	tıp~"+lHk+CH	tıplıkçı
RESOLVE_INTERNAL	tıp~"+lHk+sH	tıplıksı
RESOLVE_INTERNAL	tıp~"+lHk+vari	tıplıkvari
RESOLVE_INTERNAL	tıp~"+lH+lAr	tıplılar
RESOLVE_INTERNAL	tıp~"+lH+HnHz	tıplınız
RESOLVE_INTERNAL	tıp~"+lH+SH	tıplısı
RESOLVE_INTERNAL	tıp~"+lH+NHn	tıplının
RESOLVE_INTERNAL	tıp~"+lH+NCA	tıplınca
RESOLVE_INTERNAL	tıp~"+lH+YH	tıplıyı
RESOLVE_INTERNAL	tıp~"+lH+YA	tıplıya
RESOLVE_INTERNAL	tıp~"+lH+Yken	tıplıyken
RESOLVE_INTERNAL	tıp~"+lH+DAn	tıplıdan
RESOLVE_INTERNAL	tıp~"+lH+CH	tıplıcı
RESOLVE_INTERNAL	tıp~"+lH+sH	tıplısı
RESOLVE_INTERNAL	tıp~"+lH+vari	tıplıvari
RESOLVE_INTERNAL	tıp~"+CH+lAr	tıpçılar
RESOLVE_INTERNAL	tıp~"+CH+HnHz	tıpçınız
RESOLVE_INTERNAL	tıp~"+CH+SH	tıpçısı
RESOLVE_INTERNAL	tıp~"+CH+NHn	tıpçının
RESOLVE_INTERNAL	tıp~"+CH+NCA	tıpçınca
RESOLVE_INTERNAL	tıp~"+CH+YH	tıpçıyı
RESOLVE_INTERNAL	tıp~"+CH+YA	tıpçıya
RESOLVE_INTERNAL	tıp~"+CH+Yken	tıpçıyken
RESOLVE_INTERNAL	tıp~"+CH+DAn	tıpçıdan
RESOLVE_INTERNAL	tıp~"+CH+sH	tıpçısı
RESOLVE_INTERNAL	tıp~"+CH+vari	tıpçıvari
RESOLVE_INTERNAL	tıp~"+DA+ki+lAr	tıptakiler
RESOLVE_INTERNAL	tıp~"+DA+ki+HnHz	tıptakiniz
RESOLVE_INTERNAL	tıp~"+DA+ki+SH	tıptakisi
RESOLVE_INTERNAL	tıp~"+DA+ki+NHn	tıptakinin
RESOLVE_INTERNAL	tıp~"+DA+ki+Yken	tıptakiyken
RESOLVE_INTERNAL	tıp~"+DA+ki+lAr+NHn+mHş+CAsHnA+YsA	tıptakilerinmişçesineyse

RESOLVE_INTERNAL	single*ıl*+lAr	singlelar
RESOLVE_INTERNAL	single*ıl*+HnHz	singleınız
RESOLVE_INTERNAL	single*ıl*+SH	singleı
RESOLVE_INTERNAL	single*ıl*+NHn	singleın
RESOLVE_INTERNAL	single*ıl*+NCA	singleca
RESOLVE_INTERNAL	single*ıl*+YH	singleı
RESOLVE_INTERNAL	single*ıl*+YA	singlea
RESOLVE_INTERNAL	single*ıl*+Yken	singleken
RESOLVE_INTERNAL	single*ıl*+DAn	singledan
RESOLVE_INTERNAL	single*ıl*+CH	singlecı
RESOLVE_INTERNAL	single*ıl*+sH	singlesı
RESOLVE_INTERNAL	single*ıl*+ist	singleist
RESOLVE_INTERNAL	single*ıl*+vari	singlevari
RESOLVE_INTERNAL	single*ıl*+lHk+lAr	singlelıklar
RESOLVE_INTERNAL	single*ıl*+lHk+HnHz	singlelığınız
RESOLVE_INTERNAL	single*ıl*+lHk+SH	singlelığı
RESOLVE_INTERNAL	single*ıl*+lHk+NHn	singlelığın
RESOLVE_INTERNAL	single*ıl*+lHk+NCA	singlelıkça
RESOLVE_INTERNAL	single*ıl*+lHk+YH	singlelığı
RESOLVE_INTERNAL	single*ıl*+lHk+YA	singlelığa
RESOLVE_INTERNAL	single*ıl*+lHk+Yken	singlelıkken
RESOLVE_INTERNAL	single*ıl*+lHk+DAn	singlelıktan
RESOLVE_INTERNAL	single*ıl*+lHk+CH	singlelıkçı
RESOLVE_INTERNAL	single*ıl*+lHk+sH	singlelıksı
RESOLVE_INTERNAL	single*ıl*+lHk+vari	singlelıkvari
RESOLVE_INTERNAL	single*ıl*+lH+lAr	singlelılar
RESOLVE_INTERNAL	single*ıl*+lH+HnHz	singlelınız
RESOLVE_INTERNAL	single*ıl*+lH+SH	singlelısı
RESOLVE_INTERNAL	single*ıl*+lH+NHn	singlelının
RESOLVE_INTERNAL	single*ıl*+lH+NCA	singlelınca
RESOLVE_INTERNAL	single*ıl*+lH+YH	singlelıyı
RESOLVE_INTERNAL	single*ıl*+lH+YA	singlelıya
RESOLVE_INTERNAL	single*ıl*+lH+Yken	singlelıyken
RESOLVE_INTERNAL	single*ıl*+lH+DAn	singlelıdan
RESOLVE_INTERNAL	single*ıl*+lH+CH	singlelıcı
RESOLVE_INTERNAL	single*ıl*+lH+sH	singlelısı
RESOLVE_INTERNAL	single*ıl*+lH+vari	singlelıvari
RESOLVE_INTERNAL	single*ıl*+CH+lAr	singlecılar
RESOLVE_INTERNAL	single*ıl*+CH+HnHz	singlecınız
RESOLVE_INTERNAL	single*ıl*+CH+SH	singlecısı
RESOLVE_INTERNAL	single*ıl*+CH+NHn	singlecının
RESOLVE_INTERNAL	single*ıl*+CH+NCA	singlecınca
RESOLVE_INTERNAL	single*ıl*+CH+YH	singlecıyı
RESOLVE_INTERNAL	single*ıl*+CH+YA	singlecıya
RESOLVE_INTERNAL	single*ıl*+CH+Yken	singlecıyken
RESOLVE_INTERNAL	single*ıl*+CH+DAn	singlecıdan
RESOLVE_INTERNAL	single*ıl*+CH+sH	singlecısı
RESOLVE_INTERNAL	single*ıl*+CH+vari	singlecıvari
RESOLVE_INTERNAL	single*ıl*+DA+ki+lAr	singledakiler
RESOLVE_INTERNAL	single*ıl*+DA+ki+HnHz	singledakiniz
RESOLVE_INTERNAL	single*ıl*+DA+ki+SH	singledakisi
RESOLVE_INTERNAL	single*ıl*+DA+ki+NHn	singledakinin
RESOLVE_INTERNAL	single*ıl*+DA+ki+Yken	singledakiyken
RESOLVE_INTERNAL	single*ıl*+DA+ki+lAr+NHn+mHş+CAsHnA+YsA	singledakilerinmişçesineyse

RESOLVE_INTERNAL	haK"'+lAr	hak'lar
RESOLVE_INTERNAL	haK"'+HnHz	hak'ınız
RESOLVE_INTERNAL	haK"'+SH	hak'ı
RESOLVE_INTERNAL	haK"'+NHn	hak'ın
RESOLVE_INTERNAL	haK"'+NCA	hak'ça
RESOLVE_INTERNAL	haK"'+YH	hak'ı
RESOLVE_INTERNAL	haK"'+YA	hak'a
RESOLVE_INTERNAL	haK"'+Yken	hak'ken
RESOLVE_INTERNAL	haK"'+DAn	hak'tan
RESOLVE_INTERNAL	haK"'+CH	hak'çı
RESOLVE_INTERNAL	haK"'+sH	hak'sı
RESOLVE_INTERNAL	haK"'+ist	hak'ist
RESOLVE_INTERNAL	haK"'+vari	hak'vari
RESOLVE_INTERNAL	haK"'+lHk+lAr	hak'lıklar
RESOLVE_INTERNAL	haK"'+lHk+HnHz	hak'lığınız
RESOLVE_INTERNAL	haK"'+lHk+SH	hak'lığı
RESOLVE_INTERNAL	haK"'+lHk+NHn	hak'lığın
RESOLVE_INTERNAL	haK"'+lHk+NCA	hak'lıkça
RESOLVE_INTERNAL	haK"'+lHk+YH	hak'lığı
RESOLVE_INTERNAL	haK"'+lHk+YA	hak'lığa
RESOLVE_INTERNAL	haK"'+lHk+Yken	hak'lıkken
RESOLVE_INTERNAL	haK"'+lHk+DAn	hak'lıktan
RESOLVE_INTERNAL	haK"'+lHk+CH	hak'lıkçı
RESOLVE_INTERNAL	haK"'+lHk+sH	hak'lıksı
RESOLVE_INTERNAL	haK"'+lHk+vari	hak'lıkvari
RESOLVE_INTERNAL	haK"'+lH+lAr	hak'lılar
RESOLVE_INTERNAL	haK"'+lH+HnHz	hak'lınız
RESOLVE_INTERNAL	haK"'+lH+SH	hak'lısı
RESOLVE_INTERNAL	haK"'+lH+NHn	hak'lının
RESOLVE_INTERNAL	haK"'+lH+NCA	hak'lınca
RESOLVE_INTERNAL	haK"'+lH+YH	hak'lıyı
RESOLVE_INTERNAL	haK"'+lH+YA	hak'lıya
RESOLVE_INTERNAL	haK"'+lH+Yken	hak'lıyken
RESOLVE_INTERNAL	haK"'+lH+DAn	hak'lıdan
RESOLVE_INTERNAL	haK"'+lH+CH	hak'lıcı
RESOLVE_INTERNAL	haK"'+lH+sH	hak'lısı
RESOLVE_INTERNAL	haK"'+lH+vari	hak'lıvari
RESOLVE_INTERNAL	haK"'+CH+lAr	hak'çılar
RESOLVE_INTERNAL	haK"'+CH+HnHz	hak'çınız
RESOLVE_INTERNAL	haK"'+CH+SH	hak'çısı
RESOLVE_INTERNAL	haK"'+CH+NHn	hak'çının
RESOLVE_INTERNAL	haK"'+CH+NCA	hak'çınca
RESOLVE_INTERNAL	haK"'+CH+YH	hak'çıyı
RESOLVE_INTERNAL	haK"'+CH+YA	hak'çıya
RESOLVE_INTERNAL	haK"'+CH+Yken	hak'çıyken
RESOLVE_INTERNAL	haK"'+CH+DAn	hak'çıdan
RESOLVE_INTERNAL	haK"'+CH+sH	hak'çısı
RESOLVE_INTERNAL	haK"'+CH+vari	hak'çıvari
RESOLVE_INTERNAL	haK"'+DA+ki+lAr	hak'takiler
RESOLVE_INTERNAL	haK"'+DA+ki+HnHz	hak'takiniz
RESOLVE_INTERNAL	haK"'+DA+ki+SH	hak'takisi
RESOLVE_INTERNAL	haK"'+DA+ki+NHn	hak'takinin
RESOLVE_INTERNAL	haK"'+DA+ki+Yken	hak'takiyken
RESOLVE_INTERNAL	haK"'+DA+ki+lAr+NHn+mHş+CAsHnA+YsA	hak'takilerinmişçesineyse

RESOLVE_INTERNAL	yE+YAcAk	yiyecek
RESOLVE_INTERNAL	yE+YA	yiye
RESOLVE_INTERNAL	yE+YHn	yiyin
RESOLVE_INTERNAL	yE+YHnHz	yiyiniz
RESOLVE_INTERNAL	yE+Hyor	yiyor
RESOLVE_INTERNAL	yE+DH	yedi
RESOLVE_INTERNAL	yE+mHş	yemiş
RESOLVE_INTERNAL	yE+mAktA	yemekte
RESOLVE_INTERNAL	yE+mAlH	yemeli
RESOLVE_INTERNAL	yE+sA	yese
RESOLVE_INTERNAL	yE+sAnA	yesene
RESOLVE_INTERNAL	yE+sHn	yesin
RESOLVE_INTERNAL	yE+sAnHzA	yesenize
RESOLVE_INTERNAL	yE+sHnlAr	yesinler
RESOLVE_INTERNAL	yE+r	yer
RESOLVE_INTERNAL	yE+mHş+sA	yemişse
RESOLVE_INTERNAL	yE+mHş+sHn	yemişsin
RESOLVE_INTERNAL	yE+YAcAk+mHş	yiyecekmiş
RESOLVE_INTERNAL	yE+YAcAk+mHş+sA	yiyecekmişse

RESOLVE_INTERNAL	+	+
RESOLVE_INTERNAL	'	'
RESOLVE_INTERNAL	%	%
RESOLVE_INTERNAL	}	}
RESOLVE_INTERNAL	{	{
RESOLVE_INTERNAL	[	[
RESOLVE_INTERNAL	?	?
RESOLVE_INTERNAL	*	*
RESOLVE_INTERNAL	"	"
RESOLVE_INTERNAL	~	~
RESOLVE_INTERNAL	^	^
